metric,status_code,status,alteration_type,median_in_iqr,comid,gageid
DS_Dur_WS,0,indeterminate,low,FALSE,22595293,10255800
DS_Tim,0,indeterminate,late,FALSE,22595293,10255800
DS_Mag_50,-1,likely_altered,high,FALSE,22595293,10255800
DS_Mag_90,-1,likely_altered,high,FALSE,22595293,10255800
FA_Dur,1,likely_unaltered,none_found,TRUE,22595293,10255800
FA_Mag,1,likely_unaltered,none_found,TRUE,22595293,10255800
FA_Tim,1,likely_unaltered,none_found,TRUE,22595293,10255800
SP_ROC,1,likely_unaltered,none_found,TRUE,22595293,10255800
SP_Dur,1,likely_unaltered,none_found,TRUE,22595293,10255800
SP_Mag,1,likely_unaltered,none_found,TRUE,22595293,10255800
SP_Tim,1,likely_unaltered,none_found,TRUE,22595293,10255800
Wet_BFL_Dur,1,likely_unaltered,none_found,TRUE,22595293,10255800
Wet_BFL_Mag_10,-1,likely_altered,high,FALSE,22595293,10255800
Wet_BFL_Mag_50,-1,likely_altered,high,FALSE,22595293,10255800
Wet_Tim,0,indeterminate,early,FALSE,22595293,10255800
Peak_Dur_10,1,likely_unaltered,none_found,TRUE,22595293,10255800
Peak_Dur_2,1,likely_unaltered,none_found,TRUE,22595293,10255800
Peak_Dur_5,1,likely_unaltered,none_found,TRUE,22595293,10255800
Peak_10,1,likely_unaltered,none_found,FALSE,22595293,10255800
Peak_2,-1,likely_altered,high,FALSE,22595293,10255800
Peak_5,1,likely_unaltered,none_found,FALSE,22595293,10255800
Peak_Fre_10,1,likely_unaltered,none_found,TRUE,22595293,10255800
Peak_Fre_2,1,likely_unaltered,none_found,TRUE,22595293,10255800
Peak_Fre_5,1,likely_unaltered,none_found,TRUE,22595293,10255800
DS_Dur_WS,1,likely_unaltered,none_found,TRUE,22595619,10255810
DS_Tim,1,likely_unaltered,none_found,TRUE,22595619,10255810
DS_Mag_50,1,likely_unaltered,none_found,TRUE,22595619,10255810
DS_Mag_90,1,likely_unaltered,none_found,TRUE,22595619,10255810
FA_Dur,1,likely_unaltered,none_found,FALSE,22595619,10255810
FA_Mag,1,likely_unaltered,none_found,TRUE,22595619,10255810
FA_Tim,1,likely_unaltered,none_found,TRUE,22595619,10255810
SP_ROC,-1,likely_altered,high,FALSE,22595619,10255810
SP_Dur,1,likely_unaltered,none_found,TRUE,22595619,10255810
SP_Mag,1,likely_unaltered,none_found,TRUE,22595619,10255810
SP_Tim,1,likely_unaltered,none_found,TRUE,22595619,10255810
Wet_BFL_Dur,1,likely_unaltered,none_found,TRUE,22595619,10255810
Wet_BFL_Mag_10,1,likely_unaltered,none_found,TRUE,22595619,10255810
Wet_BFL_Mag_50,1,likely_unaltered,none_found,TRUE,22595619,10255810
Wet_Tim,1,likely_unaltered,none_found,TRUE,22595619,10255810
Peak_Dur_10,1,likely_unaltered,none_found,TRUE,22595619,10255810
Peak_Dur_2,1,likely_unaltered,none_found,TRUE,22595619,10255810
Peak_Dur_5,1,likely_unaltered,none_found,TRUE,22595619,10255810
Peak_10,1,likely_unaltered,none_found,TRUE,22595619,10255810
Peak_2,1,likely_unaltered,none_found,TRUE,22595619,10255810
Peak_5,1,likely_unaltered,none_found,TRUE,22595619,10255810
Peak_Fre_10,1,likely_unaltered,none_found,FALSE,22595619,10255810
Peak_Fre_2,1,likely_unaltered,none_found,TRUE,22595619,10255810
Peak_Fre_5,1,likely_unaltered,none_found,TRUE,22595619,10255810
DS_Dur_WS,1,likely_unaltered,none_found,TRUE,22593689,10257600
DS_Tim,1,likely_unaltered,none_found,TRUE,22593689,10257600
DS_Mag_50,1,likely_unaltered,none_found,TRUE,22593689,10257600
DS_Mag_90,1,likely_unaltered,none_found,TRUE,22593689,10257600
FA_Dur,1,likely_unaltered,none_found,TRUE,22593689,10257600
FA_Mag,1,likely_unaltered,none_found,TRUE,22593689,10257600
FA_Tim,-1,likely_altered,late,FALSE,22593689,10257600
SP_ROC,1,likely_unaltered,none_found,TRUE,22593689,10257600
SP_Dur,1,likely_unaltered,none_found,TRUE,22593689,10257600
SP_Mag,1,likely_unaltered,none_found,TRUE,22593689,10257600
SP_Tim,1,likely_unaltered,none_found,TRUE,22593689,10257600
Wet_BFL_Dur,1,likely_unaltered,none_found,TRUE,22593689,10257600
Wet_BFL_Mag_10,1,likely_unaltered,none_found,TRUE,22593689,10257600
Wet_BFL_Mag_50,1,likely_unaltered,none_found,TRUE,22593689,10257600
Wet_Tim,1,likely_unaltered,none_found,FALSE,22593689,10257600
Peak_Dur_10,1,likely_unaltered,none_found,FALSE,22593689,10257600
Peak_Dur_2,1,likely_unaltered,none_found,TRUE,22593689,10257600
Peak_Dur_5,1,likely_unaltered,none_found,TRUE,22593689,10257600
Peak_10,1,likely_unaltered,none_found,TRUE,22593689,10257600
Peak_2,1,likely_unaltered,none_found,FALSE,22593689,10257600
Peak_5,1,likely_unaltered,none_found,TRUE,22593689,10257600
Peak_Fre_10,1,likely_unaltered,none_found,FALSE,22593689,10257600
Peak_Fre_2,1,likely_unaltered,none_found,TRUE,22593689,10257600
Peak_Fre_5,1,likely_unaltered,none_found,TRUE,22593689,10257600
DS_Dur_WS,1,likely_unaltered,none_found,TRUE,22592131,10259000
DS_Tim,1,likely_unaltered,none_found,TRUE,22592131,10259000
DS_Mag_50,1,likely_unaltered,none_found,TRUE,22592131,10259000
DS_Mag_90,1,likely_unaltered,none_found,TRUE,22592131,10259000
FA_Dur,1,likely_unaltered,none_found,TRUE,22592131,10259000
FA_Mag,1,likely_unaltered,none_found,TRUE,22592131,10259000
FA_Tim,1,likely_unaltered,none_found,TRUE,22592131,10259000
SP_ROC,1,likely_unaltered,none_found,TRUE,22592131,10259000
SP_Dur,1,likely_unaltered,none_found,TRUE,22592131,10259000
SP_Mag,1,likely_unaltered,none_found,TRUE,22592131,10259000
SP_Tim,0,indeterminate,unknown,TRUE,22592131,10259000
Wet_BFL_Dur,1,likely_unaltered,none_found,TRUE,22592131,10259000
Wet_BFL_Mag_10,1,likely_unaltered,none_found,FALSE,22592131,10259000
Wet_BFL_Mag_50,1,likely_unaltered,none_found,FALSE,22592131,10259000
Wet_Tim,1,likely_unaltered,none_found,TRUE,22592131,10259000
Peak_Dur_10,1,likely_unaltered,none_found,FALSE,22592131,10259000
Peak_Dur_2,1,likely_unaltered,none_found,TRUE,22592131,10259000
Peak_Dur_5,1,likely_unaltered,none_found,TRUE,22592131,10259000
Peak_10,1,likely_unaltered,none_found,TRUE,22592131,10259000
Peak_2,1,likely_unaltered,none_found,TRUE,22592131,10259000
Peak_5,1,likely_unaltered,none_found,TRUE,22592131,10259000
Peak_Fre_10,1,likely_unaltered,none_found,TRUE,22592131,10259000
Peak_Fre_2,1,likely_unaltered,none_found,TRUE,22592131,10259000
Peak_Fre_5,1,likely_unaltered,none_found,TRUE,22592131,10259000
DS_Dur_WS,1,likely_unaltered,none_found,FALSE,10744456,10295500
DS_Tim,1,likely_unaltered,none_found,TRUE,10744456,10295500
DS_Mag_50,1,likely_unaltered,none_found,TRUE,10744456,10295500
DS_Mag_90,1,likely_unaltered,none_found,TRUE,10744456,10295500
FA_Mag,1,likely_unaltered,none_found,TRUE,10744456,10295500
FA_Tim,1,likely_unaltered,none_found,TRUE,10744456,10295500
SP_Dur,1,likely_unaltered,none_found,TRUE,10744456,10295500
SP_Mag,1,likely_unaltered,none_found,TRUE,10744456,10295500
SP_Tim,1,likely_unaltered,none_found,TRUE,10744456,10295500
Wet_BFL_Dur,1,likely_unaltered,none_found,FALSE,10744456,10295500
Wet_BFL_Mag_10,1,likely_unaltered,none_found,FALSE,10744456,10295500
Wet_BFL_Mag_50,1,likely_unaltered,none_found,FALSE,10744456,10295500
Wet_Tim,1,likely_unaltered,none_found,FALSE,10744456,10295500
Peak_10,1,likely_unaltered,none_found,FALSE,10744456,10295500
Peak_2,1,likely_unaltered,none_found,TRUE,10744456,10295500
Peak_5,1,likely_unaltered,none_found,FALSE,10744456,10295500
DS_Dur_WS,1,likely_unaltered,none_found,FALSE,8922761,10308783
DS_Tim,1,likely_unaltered,none_found,TRUE,8922761,10308783
DS_Mag_50,1,likely_unaltered,none_found,FALSE,8922761,10308783
DS_Mag_90,-1,likely_altered,low,FALSE,8922761,10308783
FA_Mag,NA,not_enough_data,undeterminable,NA,8922761,10308783
FA_Tim,NA,not_enough_data,undeterminable,NA,8922761,10308783
SP_Dur,1,likely_unaltered,none_found,TRUE,8922761,10308783
SP_Mag,-1,likely_altered,low,FALSE,8922761,10308783
SP_Tim,1,likely_unaltered,none_found,TRUE,8922761,10308783
Wet_BFL_Dur,1,likely_unaltered,none_found,FALSE,8922761,10308783
Wet_BFL_Mag_10,1,likely_unaltered,none_found,FALSE,8922761,10308783
Wet_BFL_Mag_50,-1,likely_altered,low,FALSE,8922761,10308783
Wet_Tim,1,likely_unaltered,none_found,TRUE,8922761,10308783
Peak_10,1,likely_unaltered,none_found,TRUE,8922761,10308783
Peak_2,1,likely_unaltered,none_found,TRUE,8922761,10308783
Peak_5,1,likely_unaltered,none_found,TRUE,8922761,10308783
DS_Dur_WS,0,indeterminate,high,FALSE,8924041,10310000
DS_Tim,1,likely_unaltered,none_found,TRUE,8924041,10310000
DS_Mag_50,0,indeterminate,unknown,TRUE,8924041,10310000
DS_Mag_90,0,indeterminate,unknown,TRUE,8924041,10310000
FA_Mag,1,likely_unaltered,none_found,TRUE,8924041,10310000
FA_Tim,1,likely_unaltered,none_found,TRUE,8924041,10310000
SP_Dur,1,likely_unaltered,none_found,TRUE,8924041,10310000
SP_Mag,0,indeterminate,unknown,TRUE,8924041,10310000
SP_Tim,0,indeterminate,unknown,TRUE,8924041,10310000
Wet_BFL_Dur,0,indeterminate,low,FALSE,8924041,10310000
Wet_BFL_Mag_10,-1,likely_altered,high,FALSE,8924041,10310000
Wet_BFL_Mag_50,0,indeterminate,high,FALSE,8924041,10310000
Wet_Tim,0,indeterminate,late,FALSE,8924041,10310000
Peak_10,1,likely_unaltered,none_found,TRUE,8924041,10310000
Peak_2,1,likely_unaltered,none_found,TRUE,8924041,10310000
Peak_5,1,likely_unaltered,none_found,TRUE,8924041,10310000
DS_Dur_WS,0,indeterminate,high,FALSE,8943705,10336580
DS_Tim,1,likely_unaltered,none_found,TRUE,8943705,10336580
DS_Mag_50,1,likely_unaltered,none_found,TRUE,8943705,10336580
DS_Mag_90,1,likely_unaltered,none_found,TRUE,8943705,10336580
FA_Mag,1,likely_unaltered,none_found,TRUE,8943705,10336580
FA_Tim,1,likely_unaltered,none_found,TRUE,8943705,10336580
SP_Dur,1,likely_unaltered,none_found,TRUE,8943705,10336580
SP_Mag,1,likely_unaltered,none_found,TRUE,8943705,10336580
SP_Tim,1,likely_unaltered,none_found,TRUE,8943705,10336580
Wet_BFL_Dur,1,likely_unaltered,none_found,FALSE,8943705,10336580
Wet_BFL_Mag_10,1,likely_unaltered,none_found,FALSE,8943705,10336580
Wet_BFL_Mag_50,1,likely_unaltered,none_found,FALSE,8943705,10336580
Wet_Tim,0,indeterminate,late,FALSE,8943705,10336580
Peak_10,1,likely_unaltered,none_found,TRUE,8943705,10336580
Peak_2,1,likely_unaltered,none_found,TRUE,8943705,10336580
Peak_5,1,likely_unaltered,none_found,TRUE,8943705,10336580
DS_Dur_WS,0,indeterminate,unknown,TRUE,8943685,10336600
DS_Tim,1,likely_unaltered,none_found,TRUE,8943685,10336600
DS_Mag_50,1,likely_unaltered,none_found,TRUE,8943685,10336600
DS_Mag_90,1,likely_unaltered,none_found,TRUE,8943685,10336600
FA_Mag,1,likely_unaltered,none_found,TRUE,8943685,10336600
FA_Tim,1,likely_unaltered,none_found,TRUE,8943685,10336600
SP_Dur,1,likely_unaltered,none_found,TRUE,8943685,10336600
SP_Mag,1,likely_unaltered,none_found,TRUE,8943685,10336600
SP_Tim,1,likely_unaltered,none_found,TRUE,8943685,10336600
Wet_BFL_Dur,0,indeterminate,unknown,TRUE,8943685,10336600
Wet_BFL_Mag_10,-1,likely_altered,high,FALSE,8943685,10336600
Wet_BFL_Mag_50,1,likely_unaltered,none_found,TRUE,8943685,10336600
Wet_Tim,0,indeterminate,late,FALSE,8943685,10336600
Peak_10,1,likely_unaltered,none_found,TRUE,8943685,10336600
Peak_2,1,likely_unaltered,none_found,TRUE,8943685,10336600
Peak_5,1,likely_unaltered,none_found,TRUE,8943685,10336600
DS_Dur_WS,1,likely_unaltered,none_found,FALSE,8941733,10336645
DS_Tim,1,likely_unaltered,none_found,TRUE,8941733,10336645
DS_Mag_50,1,likely_unaltered,none_found,TRUE,8941733,10336645
DS_Mag_90,1,likely_unaltered,none_found,TRUE,8941733,10336645
FA_Mag,1,likely_unaltered,none_found,TRUE,8941733,10336645
FA_Tim,1,likely_unaltered,none_found,TRUE,8941733,10336645
SP_Dur,1,likely_unaltered,none_found,TRUE,8941733,10336645
SP_Mag,1,likely_unaltered,none_found,TRUE,8941733,10336645
SP_Tim,1,likely_unaltered,none_found,TRUE,8941733,10336645
Wet_BFL_Dur,1,likely_unaltered,none_found,TRUE,8941733,10336645
Wet_BFL_Mag_10,1,likely_unaltered,none_found,TRUE,8941733,10336645
Wet_BFL_Mag_50,1,likely_unaltered,none_found,TRUE,8941733,10336645
Wet_Tim,0,indeterminate,unknown,TRUE,8941733,10336645
Peak_10,1,likely_unaltered,none_found,FALSE,8941733,10336645
Peak_2,1,likely_unaltered,none_found,TRUE,8941733,10336645
Peak_5,1,likely_unaltered,none_found,FALSE,8941733,10336645
DS_Dur_WS,0,indeterminate,unknown,TRUE,8941693,10336660
DS_Tim,1,likely_unaltered,none_found,TRUE,8941693,10336660
DS_Mag_50,1,likely_unaltered,none_found,TRUE,8941693,10336660
DS_Mag_90,1,likely_unaltered,none_found,TRUE,8941693,10336660
FA_Mag,1,likely_unaltered,none_found,TRUE,8941693,10336660
FA_Tim,1,likely_unaltered,none_found,TRUE,8941693,10336660
SP_Dur,1,likely_unaltered,none_found,TRUE,8941693,10336660
SP_Mag,0,indeterminate,unknown,TRUE,8941693,10336660
SP_Tim,0,indeterminate,unknown,TRUE,8941693,10336660
Wet_BFL_Dur,0,indeterminate,unknown,TRUE,8941693,10336660
Wet_BFL_Mag_10,1,likely_unaltered,none_found,TRUE,8941693,10336660
Wet_BFL_Mag_50,0,indeterminate,unknown,TRUE,8941693,10336660
Wet_Tim,0,indeterminate,unknown,TRUE,8941693,10336660
Peak_10,1,likely_unaltered,none_found,TRUE,8941693,10336660
Peak_2,-1,likely_altered,high,FALSE,8941693,10336660
Peak_5,1,likely_unaltered,none_found,FALSE,8941693,10336660
DS_Dur_WS,0,indeterminate,unknown,TRUE,8941685,10336676
DS_Tim,1,likely_unaltered,none_found,TRUE,8941685,10336676
DS_Mag_50,1,likely_unaltered,none_found,FALSE,8941685,10336676
DS_Mag_90,0,indeterminate,unknown,TRUE,8941685,10336676
FA_Mag,1,likely_unaltered,none_found,TRUE,8941685,10336676
FA_Tim,1,likely_unaltered,none_found,TRUE,8941685,10336676
SP_Dur,1,likely_unaltered,none_found,TRUE,8941685,10336676
SP_Mag,0,indeterminate,unknown,TRUE,8941685,10336676
SP_Tim,1,likely_unaltered,none_found,TRUE,8941685,10336676
Wet_BFL_Dur,1,likely_unaltered,none_found,TRUE,8941685,10336676
Wet_BFL_Mag_10,1,likely_unaltered,none_found,TRUE,8941685,10336676
Wet_BFL_Mag_50,1,likely_unaltered,none_found,TRUE,8941685,10336676
Wet_Tim,0,indeterminate,unknown,TRUE,8941685,10336676
Peak_10,1,likely_unaltered,none_found,TRUE,8941685,10336676
Peak_2,1,likely_unaltered,none_found,FALSE,8941685,10336676
Peak_5,1,likely_unaltered,none_found,FALSE,8941685,10336676
DS_Dur_WS,1,likely_unaltered,none_found,FALSE,8944527,10336770
DS_Tim,1,likely_unaltered,none_found,TRUE,8944527,10336770
DS_Mag_50,1,likely_unaltered,none_found,TRUE,8944527,10336770
DS_Mag_90,1,likely_unaltered,none_found,TRUE,8944527,10336770
FA_Mag,1,likely_unaltered,none_found,FALSE,8944527,10336770
FA_Tim,1,likely_unaltered,none_found,TRUE,8944527,10336770
SP_Dur,1,likely_unaltered,none_found,TRUE,8944527,10336770
SP_Mag,1,likely_unaltered,none_found,TRUE,8944527,10336770
SP_Tim,1,likely_unaltered,none_found,TRUE,8944527,10336770
Wet_BFL_Dur,-1,likely_altered,low,FALSE,8944527,10336770
Wet_BFL_Mag_10,-1,likely_altered,high,FALSE,8944527,10336770
Wet_BFL_Mag_50,1,likely_unaltered,none_found,TRUE,8944527,10336770
Wet_Tim,-1,likely_altered,late,FALSE,8944527,10336770
Peak_10,1,likely_unaltered,none_found,TRUE,8944527,10336770
Peak_2,1,likely_unaltered,none_found,FALSE,8944527,10336770
Peak_5,1,likely_unaltered,none_found,TRUE,8944527,10336770
DS_Dur_WS,1,likely_unaltered,none_found,TRUE,8944453,10336780
DS_Tim,1,likely_unaltered,none_found,TRUE,8944453,10336780
DS_Mag_50,1,likely_unaltered,none_found,TRUE,8944453,10336780
DS_Mag_90,1,likely_unaltered,none_found,TRUE,8944453,10336780
FA_Mag,1,likely_unaltered,none_found,TRUE,8944453,10336780
FA_Tim,1,likely_unaltered,none_found,TRUE,8944453,10336780
SP_Dur,1,likely_unaltered,none_found,TRUE,8944453,10336780
SP_Mag,0,indeterminate,low,FALSE,8944453,10336780
SP_Tim,0,indeterminate,unknown,TRUE,8944453,10336780
Wet_BFL_Dur,0,indeterminate,unknown,TRUE,8944453,10336780
Wet_BFL_Mag_10,-1,likely_altered,high,FALSE,8944453,10336780
Wet_BFL_Mag_50,0,indeterminate,unknown,TRUE,8944453,10336780
Wet_Tim,0,indeterminate,unknown,TRUE,8944453,10336780
Peak_10,1,likely_unaltered,none_found,TRUE,8944453,10336780
Peak_2,1,likely_unaltered,none_found,TRUE,8944453,10336780
Peak_5,1,likely_unaltered,none_found,TRUE,8944453,10336780
DS_Dur_WS,0,indeterminate,unknown,TRUE,8933522,10343500
DS_Tim,1,likely_unaltered,none_found,TRUE,8933522,10343500
DS_Mag_50,0,indeterminate,unknown,TRUE,8933522,10343500
DS_Mag_90,1,likely_unaltered,none_found,TRUE,8933522,10343500
FA_Mag,1,likely_unaltered,none_found,TRUE,8933522,10343500
FA_Tim,1,likely_unaltered,none_found,TRUE,8933522,10343500
SP_Dur,1,likely_unaltered,none_found,TRUE,8933522,10343500
SP_Mag,0,indeterminate,low,FALSE,8933522,10343500
SP_Tim,0,indeterminate,unknown,TRUE,8933522,10343500
Wet_BFL_Dur,0,indeterminate,unknown,TRUE,8933522,10343500
Wet_BFL_Mag_10,0,indeterminate,unknown,TRUE,8933522,10343500
Wet_BFL_Mag_50,0,indeterminate,unknown,TRUE,8933522,10343500
Wet_Tim,0,indeterminate,unknown,TRUE,8933522,10343500
Peak_10,1,likely_unaltered,none_found,TRUE,8933522,10343500
Peak_2,1,likely_unaltered,none_found,TRUE,8933522,10343500
Peak_5,1,likely_unaltered,none_found,TRUE,8933522,10343500
DS_Dur_WS,1,likely_unaltered,none_found,TRUE,20331150,11023310
DS_Tim,1,likely_unaltered,none_found,TRUE,20331150,11023310
DS_Mag_50,1,likely_unaltered,none_found,TRUE,20331150,11023310
DS_Mag_90,1,likely_unaltered,none_found,TRUE,20331150,11023310
FA_Dur,1,likely_unaltered,none_found,TRUE,20331150,11023310
FA_Mag,1,likely_unaltered,none_found,TRUE,20331150,11023310
FA_Tim,1,likely_unaltered,none_found,TRUE,20331150,11023310
SP_ROC,1,likely_unaltered,none_found,FALSE,20331150,11023310
SP_Dur,1,likely_unaltered,none_found,TRUE,20331150,11023310
SP_Mag,1,likely_unaltered,none_found,TRUE,20331150,11023310
SP_Tim,1,likely_unaltered,none_found,TRUE,20331150,11023310
Wet_BFL_Dur,1,likely_unaltered,none_found,TRUE,20331150,11023310
Wet_BFL_Mag_10,0,indeterminate,high,FALSE,20331150,11023310
Wet_BFL_Mag_50,1,likely_unaltered,none_found,FALSE,20331150,11023310
Wet_Tim,1,likely_unaltered,none_found,TRUE,20331150,11023310
Peak_Dur_10,-1,likely_altered,high,FALSE,20331150,11023310
Peak_Dur_2,1,likely_unaltered,none_found,TRUE,20331150,11023310
Peak_Dur_5,1,likely_unaltered,none_found,TRUE,20331150,11023310
Peak_10,1,likely_unaltered,none_found,TRUE,20331150,11023310
Peak_2,1,likely_unaltered,none_found,TRUE,20331150,11023310
Peak_5,1,likely_unaltered,none_found,TRUE,20331150,11023310
Peak_Fre_10,-1,likely_altered,high,FALSE,20331150,11023310
Peak_Fre_2,1,likely_unaltered,none_found,TRUE,20331150,11023310
Peak_Fre_5,1,likely_unaltered,none_found,TRUE,20331150,11023310
DS_Dur_WS,1,likely_unaltered,none_found,FALSE,20331242,11023325
DS_Tim,1,likely_unaltered,none_found,FALSE,20331242,11023325
DS_Mag_50,1,likely_unaltered,none_found,TRUE,20331242,11023325
DS_Mag_90,1,likely_unaltered,none_found,TRUE,20331242,11023325
FA_Dur,1,likely_unaltered,none_found,FALSE,20331242,11023325
FA_Mag,1,likely_unaltered,none_found,TRUE,20331242,11023325
FA_Tim,1,likely_unaltered,none_found,FALSE,20331242,11023325
SP_ROC,1,likely_unaltered,none_found,FALSE,20331242,11023325
SP_Dur,1,likely_unaltered,none_found,FALSE,20331242,11023325
SP_Mag,1,likely_unaltered,none_found,FALSE,20331242,11023325
SP_Tim,1,likely_unaltered,none_found,TRUE,20331242,11023325
Wet_BFL_Dur,1,likely_unaltered,none_found,TRUE,20331242,11023325
Wet_BFL_Mag_10,1,likely_unaltered,none_found,FALSE,20331242,11023325
Wet_BFL_Mag_50,-1,likely_altered,high,FALSE,20331242,11023325
Wet_Tim,1,likely_unaltered,none_found,FALSE,20331242,11023325
Peak_Dur_10,1,likely_unaltered,none_found,TRUE,20331242,11023325
Peak_Dur_2,1,likely_unaltered,none_found,FALSE,20331242,11023325
Peak_Dur_5,1,likely_unaltered,none_found,TRUE,20331242,11023325
Peak_10,1,likely_unaltered,none_found,FALSE,20331242,11023325
Peak_2,1,likely_unaltered,none_found,TRUE,20331242,11023325
Peak_5,1,likely_unaltered,none_found,TRUE,20331242,11023325
Peak_Fre_10,1,likely_unaltered,none_found,TRUE,20331242,11023325
Peak_Fre_2,1,likely_unaltered,none_found,FALSE,20331242,11023325
Peak_Fre_5,1,likely_unaltered,none_found,TRUE,20331242,11023325
DS_Dur_WS,1,likely_unaltered,none_found,TRUE,20351605,11046300
DS_Tim,1,likely_unaltered,none_found,TRUE,20351605,11046300
DS_Mag_50,1,likely_unaltered,none_found,TRUE,20351605,11046300
DS_Mag_90,1,likely_unaltered,none_found,TRUE,20351605,11046300
FA_Dur,1,likely_unaltered,none_found,FALSE,20351605,11046300
FA_Mag,1,likely_unaltered,none_found,TRUE,20351605,11046300
FA_Tim,1,likely_unaltered,none_found,FALSE,20351605,11046300
SP_ROC,1,likely_unaltered,none_found,TRUE,20351605,11046300
SP_Dur,1,likely_unaltered,none_found,TRUE,20351605,11046300
SP_Mag,1,likely_unaltered,none_found,TRUE,20351605,11046300
SP_Tim,1,likely_unaltered,none_found,TRUE,20351605,11046300
Wet_BFL_Dur,1,likely_unaltered,none_found,TRUE,20351605,11046300
Wet_BFL_Mag_10,1,likely_unaltered,none_found,TRUE,20351605,11046300
Wet_BFL_Mag_50,0,indeterminate,high,FALSE,20351605,11046300
Wet_Tim,1,likely_unaltered,none_found,TRUE,20351605,11046300
Peak_Dur_10,1,likely_unaltered,none_found,TRUE,20351605,11046300
Peak_Dur_2,1,likely_unaltered,none_found,TRUE,20351605,11046300
Peak_Dur_5,1,likely_unaltered,none_found,TRUE,20351605,11046300
Peak_10,1,likely_unaltered,none_found,FALSE,20351605,11046300
Peak_2,1,likely_unaltered,none_found,TRUE,20351605,11046300
Peak_5,1,likely_unaltered,none_found,FALSE,20351605,11046300
Peak_Fre_10,1,likely_unaltered,none_found,TRUE,20351605,11046300
Peak_Fre_2,1,likely_unaltered,none_found,TRUE,20351605,11046300
Peak_Fre_5,1,likely_unaltered,none_found,TRUE,20351605,11046300
DS_Dur_WS,1,likely_unaltered,none_found,TRUE,20350533,11046500
DS_Tim,1,likely_unaltered,none_found,TRUE,20350533,11046500
DS_Mag_50,1,likely_unaltered,none_found,TRUE,20350533,11046500
DS_Mag_90,1,likely_unaltered,none_found,TRUE,20350533,11046500
FA_Dur,1,likely_unaltered,none_found,TRUE,20350533,11046500
FA_Mag,1,likely_unaltered,none_found,FALSE,20350533,11046500
FA_Tim,1,likely_unaltered,none_found,TRUE,20350533,11046500
SP_ROC,1,likely_unaltered,none_found,FALSE,20350533,11046500
SP_Dur,1,likely_unaltered,none_found,TRUE,20350533,11046500
SP_Mag,0,indeterminate,unknown,TRUE,20350533,11046500
SP_Tim,1,likely_unaltered,none_found,TRUE,20350533,11046500
Wet_BFL_Dur,1,likely_unaltered,none_found,TRUE,20350533,11046500
Wet_BFL_Mag_10,1,likely_unaltered,none_found,TRUE,20350533,11046500
Wet_BFL_Mag_50,0,indeterminate,unknown,TRUE,20350533,11046500
Wet_Tim,1,likely_unaltered,none_found,TRUE,20350533,11046500
Peak_Dur_10,1,likely_unaltered,none_found,TRUE,20350533,11046500
Peak_Dur_2,1,likely_unaltered,none_found,TRUE,20350533,11046500
Peak_Dur_5,1,likely_unaltered,none_found,TRUE,20350533,11046500
Peak_10,1,likely_unaltered,none_found,FALSE,20350533,11046500
Peak_2,1,likely_unaltered,none_found,TRUE,20350533,11046500
Peak_5,1,likely_unaltered,none_found,FALSE,20350533,11046500
Peak_Fre_10,1,likely_unaltered,none_found,TRUE,20350533,11046500
Peak_Fre_2,1,likely_unaltered,none_found,TRUE,20350533,11046500
Peak_Fre_5,1,likely_unaltered,none_found,TRUE,20350533,11046500
DS_Dur_WS,1,likely_unaltered,none_found,TRUE,20355480,11048553
DS_Tim,1,likely_unaltered,none_found,TRUE,20355480,11048553
DS_Mag_50,1,likely_unaltered,none_found,TRUE,20355480,11048553
DS_Mag_90,1,likely_unaltered,none_found,TRUE,20355480,11048553
FA_Dur,1,likely_unaltered,none_found,TRUE,20355480,11048553
FA_Mag,1,likely_unaltered,none_found,TRUE,20355480,11048553
FA_Tim,1,likely_unaltered,none_found,TRUE,20355480,11048553
SP_ROC,1,likely_unaltered,none_found,TRUE,20355480,11048553
SP_Dur,1,likely_unaltered,none_found,TRUE,20355480,11048553
SP_Mag,1,likely_unaltered,none_found,TRUE,20355480,11048553
SP_Tim,1,likely_unaltered,none_found,TRUE,20355480,11048553
Wet_BFL_Dur,1,likely_unaltered,none_found,TRUE,20355480,11048553
Wet_BFL_Mag_10,1,likely_unaltered,none_found,TRUE,20355480,11048553
Wet_BFL_Mag_50,1,likely_unaltered,none_found,TRUE,20355480,11048553
Wet_Tim,1,likely_unaltered,none_found,TRUE,20355480,11048553
Peak_Dur_10,1,likely_unaltered,none_found,TRUE,20355480,11048553
Peak_Dur_2,1,likely_unaltered,none_found,TRUE,20355480,11048553
Peak_Dur_5,1,likely_unaltered,none_found,TRUE,20355480,11048553
Peak_10,1,likely_unaltered,none_found,TRUE,20355480,11048553
Peak_2,1,likely_unaltered,none_found,TRUE,20355480,11048553
Peak_5,1,likely_unaltered,none_found,TRUE,20355480,11048553
Peak_Fre_10,1,likely_unaltered,none_found,TRUE,20355480,11048553
Peak_Fre_2,1,likely_unaltered,none_found,FALSE,20355480,11048553
Peak_Fre_5,1,likely_unaltered,none_found,TRUE,20355480,11048553
DS_Dur_WS,1,likely_unaltered,none_found,TRUE,22555344,11058600
DS_Tim,1,likely_unaltered,none_found,TRUE,22555344,11058600
DS_Mag_50,1,likely_unaltered,none_found,TRUE,22555344,11058600
DS_Mag_90,1,likely_unaltered,none_found,TRUE,22555344,11058600
FA_Dur,1,likely_unaltered,none_found,TRUE,22555344,11058600
FA_Mag,1,likely_unaltered,none_found,TRUE,22555344,11058600
FA_Tim,1,likely_unaltered,none_found,FALSE,22555344,11058600
SP_ROC,1,likely_unaltered,none_found,TRUE,22555344,11058600
SP_Dur,1,likely_unaltered,none_found,TRUE,22555344,11058600
SP_Mag,1,likely_unaltered,none_found,TRUE,22555344,11058600
SP_Tim,1,likely_unaltered,none_found,TRUE,22555344,11058600
Wet_BFL_Dur,1,likely_unaltered,none_found,FALSE,22555344,11058600
Wet_BFL_Mag_10,1,likely_unaltered,none_found,TRUE,22555344,11058600
Wet_BFL_Mag_50,0,indeterminate,unknown,TRUE,22555344,11058600
Wet_Tim,1,likely_unaltered,none_found,TRUE,22555344,11058600
Peak_Dur_10,1,likely_unaltered,none_found,FALSE,22555344,11058600
Peak_Dur_2,1,likely_unaltered,none_found,TRUE,22555344,11058600
Peak_Dur_5,1,likely_unaltered,none_found,TRUE,22555344,11058600
Peak_10,1,likely_unaltered,none_found,TRUE,22555344,11058600
Peak_2,1,likely_unaltered,none_found,FALSE,22555344,11058600
Peak_5,1,likely_unaltered,none_found,TRUE,22555344,11058600
Peak_Fre_10,1,likely_unaltered,none_found,FALSE,22555344,11058600
Peak_Fre_2,1,likely_unaltered,none_found,TRUE,22555344,11058600
Peak_Fre_5,1,likely_unaltered,none_found,TRUE,22555344,11058600
DS_Dur_WS,1,likely_unaltered,none_found,TRUE,22554630,11063000
DS_Tim,1,likely_unaltered,none_found,TRUE,22554630,11063000
DS_Mag_50,1,likely_unaltered,none_found,TRUE,22554630,11063000
DS_Mag_90,1,likely_unaltered,none_found,TRUE,22554630,11063000
FA_Dur,1,likely_unaltered,none_found,TRUE,22554630,11063000
FA_Mag,1,likely_unaltered,none_found,TRUE,22554630,11063000
FA_Tim,1,likely_unaltered,none_found,TRUE,22554630,11063000
SP_ROC,1,likely_unaltered,none_found,TRUE,22554630,11063000
SP_Dur,1,likely_unaltered,none_found,TRUE,22554630,11063000
SP_Mag,1,likely_unaltered,none_found,TRUE,22554630,11063000
SP_Tim,1,likely_unaltered,none_found,TRUE,22554630,11063000
Wet_BFL_Dur,1,likely_unaltered,none_found,TRUE,22554630,11063000
Wet_BFL_Mag_10,1,likely_unaltered,none_found,TRUE,22554630,11063000
Wet_BFL_Mag_50,1,likely_unaltered,none_found,TRUE,22554630,11063000
Wet_Tim,0,indeterminate,unknown,TRUE,22554630,11063000
Peak_Dur_10,1,likely_unaltered,none_found,TRUE,22554630,11063000
Peak_Dur_2,1,likely_unaltered,none_found,TRUE,22554630,11063000
Peak_Dur_5,1,likely_unaltered,none_found,FALSE,22554630,11063000
Peak_10,1,likely_unaltered,none_found,FALSE,22554630,11063000
Peak_2,1,likely_unaltered,none_found,TRUE,22554630,11063000
Peak_5,1,likely_unaltered,none_found,TRUE,22554630,11063000
Peak_Fre_10,1,likely_unaltered,none_found,TRUE,22554630,11063000
Peak_Fre_2,1,likely_unaltered,none_found,TRUE,22554630,11063000
Peak_Fre_5,1,likely_unaltered,none_found,TRUE,22554630,11063000
DS_Dur_WS,1,likely_unaltered,none_found,TRUE,22563182,11077000
DS_Tim,1,likely_unaltered,none_found,TRUE,22563182,11077000
DS_Mag_50,1,likely_unaltered,none_found,TRUE,22563182,11077000
DS_Mag_90,1,likely_unaltered,none_found,FALSE,22563182,11077000
FA_Dur,0,indeterminate,high,FALSE,22563182,11077000
FA_Mag,1,likely_unaltered,none_found,FALSE,22563182,11077000
FA_Tim,1,likely_unaltered,none_found,TRUE,22563182,11077000
SP_ROC,-1,likely_altered,high,FALSE,22563182,11077000
SP_Dur,1,likely_unaltered,none_found,TRUE,22563182,11077000
SP_Mag,1,likely_unaltered,none_found,TRUE,22563182,11077000
SP_Tim,1,likely_unaltered,none_found,TRUE,22563182,11077000
Wet_BFL_Dur,1,likely_unaltered,none_found,TRUE,22563182,11077000
Wet_BFL_Mag_10,1,likely_unaltered,none_found,FALSE,22563182,11077000
Wet_BFL_Mag_50,-1,likely_altered,low,FALSE,22563182,11077000
Wet_Tim,0,indeterminate,late,FALSE,22563182,11077000
Peak_Dur_10,1,likely_unaltered,none_found,TRUE,22563182,11077000
Peak_Dur_2,1,likely_unaltered,none_found,FALSE,22563182,11077000
Peak_Dur_5,1,likely_unaltered,none_found,TRUE,22563182,11077000
Peak_10,1,likely_unaltered,none_found,TRUE,22563182,11077000
Peak_2,1,likely_unaltered,none_found,TRUE,22563182,11077000
Peak_5,1,likely_unaltered,none_found,TRUE,22563182,11077000
Peak_Fre_10,1,likely_unaltered,none_found,TRUE,22563182,11077000
Peak_Fre_2,1,likely_unaltered,none_found,TRUE,22563182,11077000
Peak_Fre_5,1,likely_unaltered,none_found,TRUE,22563182,11077000
DS_Dur_WS,1,likely_unaltered,none_found,TRUE,22522855,11080500
DS_Tim,1,likely_unaltered,none_found,TRUE,22522855,11080500
DS_Mag_50,0,indeterminate,unknown,TRUE,22522855,11080500
DS_Mag_90,1,likely_unaltered,none_found,TRUE,22522855,11080500
FA_Dur,1,likely_unaltered,none_found,TRUE,22522855,11080500
FA_Mag,1,likely_unaltered,none_found,TRUE,22522855,11080500
FA_Tim,1,likely_unaltered,none_found,TRUE,22522855,11080500
SP_ROC,1,likely_unaltered,none_found,FALSE,22522855,11080500
SP_Dur,1,likely_unaltered,none_found,TRUE,22522855,11080500
SP_Mag,1,likely_unaltered,none_found,TRUE,22522855,11080500
SP_Tim,1,likely_unaltered,none_found,TRUE,22522855,11080500
Wet_BFL_Dur,1,likely_unaltered,none_found,TRUE,22522855,11080500
Wet_BFL_Mag_10,1,likely_unaltered,none_found,TRUE,22522855,11080500
Wet_BFL_Mag_50,0,indeterminate,unknown,TRUE,22522855,11080500
Wet_Tim,0,indeterminate,unknown,TRUE,22522855,11080500
Peak_Dur_10,1,likely_unaltered,none_found,TRUE,22522855,11080500
Peak_Dur_2,1,likely_unaltered,none_found,TRUE,22522855,11080500
Peak_Dur_5,1,likely_unaltered,none_found,TRUE,22522855,11080500
Peak_10,-1,likely_altered,high,FALSE,22522855,11080500
Peak_2,1,likely_unaltered,none_found,TRUE,22522855,11080500
Peak_5,1,likely_unaltered,none_found,FALSE,22522855,11080500
Peak_Fre_10,1,likely_unaltered,none_found,TRUE,22522855,11080500
Peak_Fre_2,1,likely_unaltered,none_found,TRUE,22522855,11080500
Peak_Fre_5,1,likely_unaltered,none_found,TRUE,22522855,11080500
DS_Dur_WS,1,likely_unaltered,none_found,TRUE,22524649,11082000
DS_Tim,1,likely_unaltered,none_found,TRUE,22524649,11082000
DS_Mag_50,1,likely_unaltered,none_found,TRUE,22524649,11082000
DS_Mag_90,1,likely_unaltered,none_found,TRUE,22524649,11082000
FA_Dur,1,likely_unaltered,none_found,TRUE,22524649,11082000
FA_Mag,1,likely_unaltered,none_found,TRUE,22524649,11082000
FA_Tim,1,likely_unaltered,none_found,TRUE,22524649,11082000
SP_ROC,1,likely_unaltered,none_found,TRUE,22524649,11082000
SP_Dur,1,likely_unaltered,none_found,TRUE,22524649,11082000
SP_Mag,1,likely_unaltered,none_found,TRUE,22524649,11082000
SP_Tim,0,indeterminate,unknown,TRUE,22524649,11082000
Wet_BFL_Dur,1,likely_unaltered,none_found,TRUE,22524649,11082000
Wet_BFL_Mag_10,1,likely_unaltered,none_found,TRUE,22524649,11082000
Wet_BFL_Mag_50,0,indeterminate,unknown,TRUE,22524649,11082000
Wet_Tim,1,likely_unaltered,none_found,TRUE,22524649,11082000
Peak_Dur_10,1,likely_unaltered,none_found,FALSE,22524649,11082000
Peak_Dur_2,1,likely_unaltered,none_found,TRUE,22524649,11082000
Peak_Dur_5,1,likely_unaltered,none_found,TRUE,22524649,11082000
Peak_10,1,likely_unaltered,none_found,TRUE,22524649,11082000
Peak_2,1,likely_unaltered,none_found,FALSE,22524649,11082000
Peak_5,1,likely_unaltered,none_found,FALSE,22524649,11082000
Peak_Fre_10,1,likely_unaltered,none_found,FALSE,22524649,11082000
Peak_Fre_2,1,likely_unaltered,none_found,TRUE,22524649,11082000
Peak_Fre_5,1,likely_unaltered,none_found,TRUE,22524649,11082000
DS_Dur_WS,1,likely_unaltered,none_found,TRUE,22514414,11094000
DS_Tim,1,likely_unaltered,none_found,TRUE,22514414,11094000
DS_Mag_50,1,likely_unaltered,none_found,TRUE,22514414,11094000
DS_Mag_90,1,likely_unaltered,none_found,FALSE,22514414,11094000
FA_Dur,1,likely_unaltered,none_found,TRUE,22514414,11094000
FA_Mag,1,likely_unaltered,none_found,FALSE,22514414,11094000
FA_Tim,1,likely_unaltered,none_found,TRUE,22514414,11094000
SP_ROC,1,likely_unaltered,none_found,TRUE,22514414,11094000
SP_Dur,1,likely_unaltered,none_found,TRUE,22514414,11094000
SP_Mag,0,indeterminate,low,FALSE,22514414,11094000
SP_Tim,1,likely_unaltered,none_found,TRUE,22514414,11094000
Wet_BFL_Dur,1,likely_unaltered,none_found,TRUE,22514414,11094000
Wet_BFL_Mag_10,1,likely_unaltered,none_found,FALSE,22514414,11094000
Wet_BFL_Mag_50,0,indeterminate,low,FALSE,22514414,11094000
Wet_Tim,0,indeterminate,unknown,TRUE,22514414,11094000
Peak_Dur_10,1,likely_unaltered,none_found,TRUE,22514414,11094000
Peak_Dur_2,1,likely_unaltered,none_found,TRUE,22514414,11094000
Peak_Dur_5,1,likely_unaltered,none_found,TRUE,22514414,11094000
Peak_10,1,likely_unaltered,none_found,FALSE,22514414,11094000
Peak_2,1,likely_unaltered,none_found,TRUE,22514414,11094000
Peak_5,1,likely_unaltered,none_found,TRUE,22514414,11094000
Peak_Fre_10,1,likely_unaltered,none_found,TRUE,22514414,11094000
Peak_Fre_2,1,likely_unaltered,none_found,TRUE,22514414,11094000
Peak_Fre_5,1,likely_unaltered,none_found,TRUE,22514414,11094000
DS_Dur_WS,1,likely_unaltered,none_found,TRUE,22514458,11095500
DS_Tim,1,likely_unaltered,none_found,TRUE,22514458,11095500
DS_Mag_50,1,likely_unaltered,none_found,TRUE,22514458,11095500
DS_Mag_90,1,likely_unaltered,none_found,TRUE,22514458,11095500
FA_Dur,1,likely_unaltered,none_found,TRUE,22514458,11095500
FA_Mag,1,likely_unaltered,none_found,TRUE,22514458,11095500
FA_Tim,1,likely_unaltered,none_found,TRUE,22514458,11095500
SP_ROC,1,likely_unaltered,none_found,TRUE,22514458,11095500
SP_Dur,1,likely_unaltered,none_found,TRUE,22514458,11095500
SP_Mag,1,likely_unaltered,none_found,TRUE,22514458,11095500
SP_Tim,0,indeterminate,unknown,TRUE,22514458,11095500
Wet_BFL_Dur,0,indeterminate,unknown,TRUE,22514458,11095500
Wet_BFL_Mag_10,1,likely_unaltered,none_found,TRUE,22514458,11095500
Wet_BFL_Mag_50,0,indeterminate,unknown,TRUE,22514458,11095500
Wet_Tim,0,indeterminate,unknown,TRUE,22514458,11095500
Peak_Dur_10,1,likely_unaltered,none_found,TRUE,22514458,11095500
Peak_Dur_2,1,likely_unaltered,none_found,TRUE,22514458,11095500
Peak_Dur_5,1,likely_unaltered,none_found,FALSE,22514458,11095500
Peak_10,1,likely_unaltered,none_found,TRUE,22514458,11095500
Peak_2,1,likely_unaltered,none_found,TRUE,22514458,11095500
Peak_5,1,likely_unaltered,none_found,TRUE,22514458,11095500
Peak_Fre_10,1,likely_unaltered,none_found,TRUE,22514458,11095500
Peak_Fre_2,1,likely_unaltered,none_found,TRUE,22514458,11095500
Peak_Fre_5,1,likely_unaltered,none_found,TRUE,22514458,11095500
DS_Dur_WS,1,likely_unaltered,none_found,TRUE,22514774,11098000
DS_Tim,1,likely_unaltered,none_found,TRUE,22514774,11098000
DS_Mag_50,0,indeterminate,unknown,TRUE,22514774,11098000
DS_Mag_90,0,indeterminate,unknown,TRUE,22514774,11098000
FA_Dur,1,likely_unaltered,none_found,TRUE,22514774,11098000
FA_Mag,1,likely_unaltered,none_found,TRUE,22514774,11098000
FA_Tim,1,likely_unaltered,none_found,TRUE,22514774,11098000
SP_ROC,1,likely_unaltered,none_found,TRUE,22514774,11098000
SP_Dur,1,likely_unaltered,none_found,TRUE,22514774,11098000
SP_Mag,1,likely_unaltered,none_found,TRUE,22514774,11098000
SP_Tim,0,indeterminate,unknown,TRUE,22514774,11098000
Wet_BFL_Dur,0,indeterminate,low,FALSE,22514774,11098000
Wet_BFL_Mag_10,0,indeterminate,low,FALSE,22514774,11098000
Wet_BFL_Mag_50,0,indeterminate,unknown,TRUE,22514774,11098000
Wet_Tim,0,indeterminate,unknown,TRUE,22514774,11098000
Peak_Dur_10,1,likely_unaltered,none_found,TRUE,22514774,11098000
Peak_Dur_2,1,likely_unaltered,none_found,TRUE,22514774,11098000
Peak_Dur_5,1,likely_unaltered,none_found,TRUE,22514774,11098000
Peak_10,1,likely_unaltered,none_found,TRUE,22514774,11098000
Peak_2,1,likely_unaltered,none_found,FALSE,22514774,11098000
Peak_5,1,likely_unaltered,none_found,TRUE,22514774,11098000
Peak_Fre_10,1,likely_unaltered,none_found,TRUE,22514774,11098000
Peak_Fre_2,1,likely_unaltered,none_found,TRUE,22514774,11098000
Peak_Fre_5,1,likely_unaltered,none_found,TRUE,22514774,11098000
DS_Dur_WS,1,likely_unaltered,none_found,TRUE,22514894,11100000
DS_Tim,1,likely_unaltered,none_found,TRUE,22514894,11100000
DS_Mag_50,1,likely_unaltered,none_found,TRUE,22514894,11100000
DS_Mag_90,1,likely_unaltered,none_found,TRUE,22514894,11100000
FA_Dur,1,likely_unaltered,none_found,TRUE,22514894,11100000
FA_Mag,1,likely_unaltered,none_found,TRUE,22514894,11100000
FA_Tim,1,likely_unaltered,none_found,TRUE,22514894,11100000
SP_ROC,1,likely_unaltered,none_found,TRUE,22514894,11100000
SP_Dur,1,likely_unaltered,none_found,TRUE,22514894,11100000
SP_Mag,1,likely_unaltered,none_found,TRUE,22514894,11100000
SP_Tim,1,likely_unaltered,none_found,TRUE,22514894,11100000
Wet_BFL_Dur,1,likely_unaltered,none_found,TRUE,22514894,11100000
Wet_BFL_Mag_10,1,likely_unaltered,none_found,TRUE,22514894,11100000
Wet_BFL_Mag_50,1,likely_unaltered,none_found,TRUE,22514894,11100000
Wet_Tim,0,indeterminate,unknown,TRUE,22514894,11100000
Peak_Dur_10,1,likely_unaltered,none_found,TRUE,22514894,11100000
Peak_Dur_2,1,likely_unaltered,none_found,TRUE,22514894,11100000
Peak_Dur_5,1,likely_unaltered,none_found,TRUE,22514894,11100000
Peak_10,1,likely_unaltered,none_found,FALSE,22514894,11100000
Peak_2,1,likely_unaltered,none_found,FALSE,22514894,11100000
Peak_5,1,likely_unaltered,none_found,FALSE,22514894,11100000
Peak_Fre_10,1,likely_unaltered,none_found,TRUE,22514894,11100000
Peak_Fre_2,1,likely_unaltered,none_found,TRUE,22514894,11100000
Peak_Fre_5,1,likely_unaltered,none_found,TRUE,22514894,11100000
DS_Dur_WS,1,likely_unaltered,none_found,TRUE,17567911,11111500
DS_Tim,0,indeterminate,unknown,TRUE,17567911,11111500
DS_Mag_50,0,indeterminate,unknown,TRUE,17567911,11111500
DS_Mag_90,1,likely_unaltered,none_found,TRUE,17567911,11111500
FA_Dur,1,likely_unaltered,none_found,TRUE,17567911,11111500
FA_Mag,1,likely_unaltered,none_found,TRUE,17567911,11111500
FA_Tim,1,likely_unaltered,none_found,TRUE,17567911,11111500
SP_ROC,1,likely_unaltered,none_found,TRUE,17567911,11111500
SP_Dur,0,indeterminate,unknown,TRUE,17567911,11111500
SP_Mag,0,indeterminate,unknown,TRUE,17567911,11111500
SP_Tim,0,indeterminate,unknown,TRUE,17567911,11111500
Wet_BFL_Dur,1,likely_unaltered,none_found,TRUE,17567911,11111500
Wet_BFL_Mag_10,1,likely_unaltered,none_found,TRUE,17567911,11111500
Wet_BFL_Mag_50,0,indeterminate,unknown,TRUE,17567911,11111500
Wet_Tim,0,indeterminate,unknown,TRUE,17567911,11111500
Peak_Dur_10,1,likely_unaltered,none_found,TRUE,17567911,11111500
Peak_Dur_2,1,likely_unaltered,none_found,TRUE,17567911,11111500
Peak_Dur_5,1,likely_unaltered,none_found,TRUE,17567911,11111500
Peak_10,1,likely_unaltered,none_found,TRUE,17567911,11111500
Peak_2,1,likely_unaltered,none_found,FALSE,17567911,11111500
Peak_5,1,likely_unaltered,none_found,TRUE,17567911,11111500
Peak_Fre_10,1,likely_unaltered,none_found,TRUE,17567911,11111500
Peak_Fre_2,1,likely_unaltered,none_found,TRUE,17567911,11111500
Peak_Fre_5,1,likely_unaltered,none_found,TRUE,17567911,11111500
DS_Dur_WS,1,likely_unaltered,none_found,TRUE,17574397,11113000
DS_Tim,1,likely_unaltered,none_found,TRUE,17574397,11113000
DS_Mag_50,-1,likely_altered,high,FALSE,17574397,11113000
DS_Mag_90,-1,likely_altered,high,FALSE,17574397,11113000
FA_Mag,-1,likely_altered,high,FALSE,17574397,11113000
FA_Tim,1,likely_unaltered,none_found,TRUE,17574397,11113000
SP_Dur,1,likely_unaltered,none_found,TRUE,17574397,11113000
SP_Mag,-1,likely_altered,high,FALSE,17574397,11113000
SP_Tim,-1,likely_altered,early,FALSE,17574397,11113000
Wet_BFL_Dur,1,likely_unaltered,none_found,FALSE,17574397,11113000
Wet_BFL_Mag_10,-1,likely_altered,high,FALSE,17574397,11113000
Wet_BFL_Mag_50,-1,likely_altered,high,FALSE,17574397,11113000
Wet_Tim,1,likely_unaltered,none_found,TRUE,17574397,11113000
Peak_10,-1,likely_altered,high,FALSE,17574397,11113000
Peak_2,-1,likely_altered,high,FALSE,17574397,11113000
Peak_5,-1,likely_altered,high,FALSE,17574397,11113000
DS_Dur_WS,1,likely_unaltered,none_found,TRUE,17586470,11115500
DS_Tim,1,likely_unaltered,none_found,TRUE,17586470,11115500
DS_Mag_50,1,likely_unaltered,none_found,TRUE,17586470,11115500
DS_Mag_90,1,likely_unaltered,none_found,TRUE,17586470,11115500
FA_Dur,1,likely_unaltered,none_found,TRUE,17586470,11115500
FA_Mag,0,indeterminate,unknown,TRUE,17586470,11115500
FA_Tim,1,likely_unaltered,none_found,TRUE,17586470,11115500
SP_ROC,1,likely_unaltered,none_found,TRUE,17586470,11115500
SP_Dur,1,likely_unaltered,none_found,TRUE,17586470,11115500
SP_Mag,0,indeterminate,unknown,TRUE,17586470,11115500
SP_Tim,0,indeterminate,late,FALSE,17586470,11115500
Wet_BFL_Dur,1,likely_unaltered,none_found,TRUE,17586470,11115500
Wet_BFL_Mag_10,1,likely_unaltered,none_found,TRUE,17586470,11115500
Wet_BFL_Mag_50,1,likely_unaltered,none_found,TRUE,17586470,11115500
Wet_Tim,1,likely_unaltered,none_found,TRUE,17586470,11115500
Peak_Dur_10,1,likely_unaltered,none_found,TRUE,17586470,11115500
Peak_Dur_2,1,likely_unaltered,none_found,TRUE,17586470,11115500
Peak_Dur_5,1,likely_unaltered,none_found,TRUE,17586470,11115500
Peak_10,1,likely_unaltered,none_found,TRUE,17586470,11115500
Peak_2,1,likely_unaltered,none_found,TRUE,17586470,11115500
Peak_5,1,likely_unaltered,none_found,FALSE,17586470,11115500
Peak_Fre_10,1,likely_unaltered,none_found,TRUE,17586470,11115500
Peak_Fre_2,1,likely_unaltered,none_found,TRUE,17586470,11115500
Peak_Fre_5,1,likely_unaltered,none_found,TRUE,17586470,11115500
DS_Dur_WS,1,likely_unaltered,none_found,TRUE,17586460,11116000
DS_Tim,1,likely_unaltered,none_found,TRUE,17586460,11116000
DS_Mag_50,1,likely_unaltered,none_found,TRUE,17586460,11116000
DS_Mag_90,1,likely_unaltered,none_found,TRUE,17586460,11116000
FA_Dur,1,likely_unaltered,none_found,TRUE,17586460,11116000
FA_Mag,1,likely_unaltered,none_found,TRUE,17586460,11116000
FA_Tim,1,likely_unaltered,none_found,TRUE,17586460,11116000
SP_ROC,1,likely_unaltered,none_found,TRUE,17586460,11116000
SP_Dur,1,likely_unaltered,none_found,TRUE,17586460,11116000
SP_Mag,0,indeterminate,unknown,TRUE,17586460,11116000
SP_Tim,1,likely_unaltered,none_found,TRUE,17586460,11116000
Wet_BFL_Dur,1,likely_unaltered,none_found,TRUE,17586460,11116000
Wet_BFL_Mag_10,1,likely_unaltered,none_found,TRUE,17586460,11116000
Wet_BFL_Mag_50,1,likely_unaltered,none_found,TRUE,17586460,11116000
Wet_Tim,0,indeterminate,unknown,TRUE,17586460,11116000
Peak_Dur_10,1,likely_unaltered,none_found,TRUE,17586460,11116000
Peak_Dur_2,1,likely_unaltered,none_found,TRUE,17586460,11116000
Peak_Dur_5,1,likely_unaltered,none_found,TRUE,17586460,11116000
Peak_10,1,likely_unaltered,none_found,TRUE,17586460,11116000
Peak_2,1,likely_unaltered,none_found,FALSE,17586460,11116000
Peak_5,1,likely_unaltered,none_found,TRUE,17586460,11116000
Peak_Fre_10,1,likely_unaltered,none_found,TRUE,17586460,11116000
Peak_Fre_2,1,likely_unaltered,none_found,TRUE,17586460,11116000
Peak_Fre_5,1,likely_unaltered,none_found,TRUE,17586460,11116000
DS_Dur_WS,1,likely_unaltered,none_found,TRUE,17586774,11117600
DS_Tim,1,likely_unaltered,none_found,TRUE,17586774,11117600
DS_Mag_50,1,likely_unaltered,none_found,TRUE,17586774,11117600
DS_Mag_90,1,likely_unaltered,none_found,TRUE,17586774,11117600
FA_Dur,1,likely_unaltered,none_found,TRUE,17586774,11117600
FA_Mag,1,likely_unaltered,none_found,TRUE,17586774,11117600
FA_Tim,1,likely_unaltered,none_found,TRUE,17586774,11117600
SP_ROC,1,likely_unaltered,none_found,TRUE,17586774,11117600
SP_Dur,1,likely_unaltered,none_found,TRUE,17586774,11117600
SP_Mag,1,likely_unaltered,none_found,TRUE,17586774,11117600
SP_Tim,1,likely_unaltered,none_found,TRUE,17586774,11117600
Wet_BFL_Dur,1,likely_unaltered,none_found,TRUE,17586774,11117600
Wet_BFL_Mag_10,1,likely_unaltered,none_found,TRUE,17586774,11117600
Wet_BFL_Mag_50,0,indeterminate,unknown,TRUE,17586774,11117600
Wet_Tim,0,indeterminate,unknown,TRUE,17586774,11117600
Peak_Dur_10,1,likely_unaltered,none_found,FALSE,17586774,11117600
Peak_Dur_2,1,likely_unaltered,none_found,TRUE,17586774,11117600
Peak_Dur_5,1,likely_unaltered,none_found,TRUE,17586774,11117600
Peak_10,1,likely_unaltered,none_found,TRUE,17586774,11117600
Peak_2,1,likely_unaltered,none_found,TRUE,17586774,11117600
Peak_5,1,likely_unaltered,none_found,TRUE,17586774,11117600
Peak_Fre_10,1,likely_unaltered,none_found,FALSE,17586774,11117600
Peak_Fre_2,1,likely_unaltered,none_found,TRUE,17586774,11117600
Peak_Fre_5,1,likely_unaltered,none_found,TRUE,17586774,11117600
DS_Dur_WS,1,likely_unaltered,none_found,TRUE,17586728,11117800
DS_Tim,1,likely_unaltered,none_found,TRUE,17586728,11117800
DS_Mag_50,1,likely_unaltered,none_found,TRUE,17586728,11117800
DS_Mag_90,1,likely_unaltered,none_found,TRUE,17586728,11117800
FA_Dur,1,likely_unaltered,none_found,TRUE,17586728,11117800
FA_Mag,1,likely_unaltered,none_found,TRUE,17586728,11117800
FA_Tim,1,likely_unaltered,none_found,TRUE,17586728,11117800
SP_ROC,1,likely_unaltered,none_found,FALSE,17586728,11117800
SP_Dur,1,likely_unaltered,none_found,TRUE,17586728,11117800
SP_Mag,0,indeterminate,unknown,TRUE,17586728,11117800
SP_Tim,1,likely_unaltered,none_found,TRUE,17586728,11117800
Wet_BFL_Dur,1,likely_unaltered,none_found,TRUE,17586728,11117800
Wet_BFL_Mag_10,0,indeterminate,unknown,TRUE,17586728,11117800
Wet_BFL_Mag_50,0,indeterminate,high,FALSE,17586728,11117800
Wet_Tim,0,indeterminate,unknown,TRUE,17586728,11117800
Peak_Dur_10,1,likely_unaltered,none_found,TRUE,17586728,11117800
Peak_Dur_2,1,likely_unaltered,none_found,TRUE,17586728,11117800
Peak_Dur_5,1,likely_unaltered,none_found,TRUE,17586728,11117800
Peak_10,1,likely_unaltered,none_found,TRUE,17586728,11117800
Peak_2,1,likely_unaltered,none_found,TRUE,17586728,11117800
Peak_5,1,likely_unaltered,none_found,TRUE,17586728,11117800
Peak_Fre_10,1,likely_unaltered,none_found,FALSE,17586728,11117800
Peak_Fre_2,1,likely_unaltered,none_found,TRUE,17586728,11117800
Peak_Fre_5,1,likely_unaltered,none_found,TRUE,17586728,11117800
DS_Dur_WS,1,likely_unaltered,none_found,TRUE,17594763,11120550
DS_Tim,1,likely_unaltered,none_found,TRUE,17594763,11120550
DS_Mag_50,1,likely_unaltered,none_found,TRUE,17594763,11120550
DS_Mag_90,1,likely_unaltered,none_found,TRUE,17594763,11120550
FA_Dur,1,likely_unaltered,none_found,TRUE,17594763,11120550
FA_Mag,1,likely_unaltered,none_found,TRUE,17594763,11120550
FA_Tim,1,likely_unaltered,none_found,TRUE,17594763,11120550
SP_ROC,1,likely_unaltered,none_found,TRUE,17594763,11120550
SP_Dur,1,likely_unaltered,none_found,TRUE,17594763,11120550
SP_Mag,1,likely_unaltered,none_found,TRUE,17594763,11120550
SP_Tim,1,likely_unaltered,none_found,TRUE,17594763,11120550
Wet_BFL_Dur,1,likely_unaltered,none_found,TRUE,17594763,11120550
Wet_BFL_Mag_10,1,likely_unaltered,none_found,FALSE,17594763,11120550
Wet_BFL_Mag_50,0,indeterminate,unknown,TRUE,17594763,11120550
Wet_Tim,1,likely_unaltered,none_found,TRUE,17594763,11120550
Peak_Dur_10,1,likely_unaltered,none_found,TRUE,17594763,11120550
Peak_Dur_2,1,likely_unaltered,none_found,TRUE,17594763,11120550
Peak_Dur_5,1,likely_unaltered,none_found,TRUE,17594763,11120550
Peak_10,1,likely_unaltered,none_found,TRUE,17594763,11120550
Peak_2,1,likely_unaltered,none_found,FALSE,17594763,11120550
Peak_5,1,likely_unaltered,none_found,TRUE,17594763,11120550
Peak_Fre_10,1,likely_unaltered,none_found,TRUE,17594763,11120550
Peak_Fre_2,1,likely_unaltered,none_found,TRUE,17594763,11120550
Peak_Fre_5,1,likely_unaltered,none_found,TRUE,17594763,11120550
DS_Dur_WS,1,likely_unaltered,none_found,FALSE,17608281,11128400
DS_Tim,1,likely_unaltered,none_found,TRUE,17608281,11128400
DS_Mag_50,1,likely_unaltered,none_found,TRUE,17608281,11128400
DS_Mag_90,-1,likely_altered,high,FALSE,17608281,11128400
FA_Dur,-1,likely_altered,high,FALSE,17608281,11128400
FA_Mag,-1,likely_altered,high,FALSE,17608281,11128400
FA_Tim,1,likely_unaltered,none_found,FALSE,17608281,11128400
SP_ROC,1,likely_unaltered,none_found,FALSE,17608281,11128400
SP_Dur,1,likely_unaltered,none_found,TRUE,17608281,11128400
SP_Mag,0,indeterminate,high,FALSE,17608281,11128400
SP_Tim,0,indeterminate,late,FALSE,17608281,11128400
Wet_BFL_Dur,1,likely_unaltered,none_found,TRUE,17608281,11128400
Wet_BFL_Mag_10,-1,likely_altered,low,FALSE,17608281,11128400
Wet_BFL_Mag_50,0,indeterminate,unknown,TRUE,17608281,11128400
Wet_Tim,1,likely_unaltered,none_found,FALSE,17608281,11128400
Peak_Dur_10,1,likely_unaltered,none_found,TRUE,17608281,11128400
Peak_Dur_2,1,likely_unaltered,none_found,TRUE,17608281,11128400
Peak_Dur_5,1,likely_unaltered,none_found,TRUE,17608281,11128400
Peak_10,1,likely_unaltered,none_found,TRUE,17608281,11128400
Peak_2,-1,likely_altered,low,FALSE,17608281,11128400
Peak_5,1,likely_unaltered,none_found,TRUE,17608281,11128400
Peak_Fre_10,1,likely_unaltered,none_found,FALSE,17608281,11128400
Peak_Fre_2,1,likely_unaltered,none_found,TRUE,17608281,11128400
Peak_Fre_5,1,likely_unaltered,none_found,TRUE,17608281,11128400
DS_Dur_WS,1,likely_unaltered,none_found,TRUE,17625379,11138500
DS_Tim,1,likely_unaltered,none_found,TRUE,17625379,11138500
DS_Mag_50,1,likely_unaltered,none_found,TRUE,17625379,11138500
DS_Mag_90,0,indeterminate,unknown,TRUE,17625379,11138500
FA_Dur,1,likely_unaltered,none_found,TRUE,17625379,11138500
FA_Mag,0,indeterminate,low,FALSE,17625379,11138500
FA_Tim,1,likely_unaltered,none_found,TRUE,17625379,11138500
SP_ROC,1,likely_unaltered,none_found,TRUE,17625379,11138500
SP_Dur,1,likely_unaltered,none_found,TRUE,17625379,11138500
SP_Mag,0,indeterminate,unknown,TRUE,17625379,11138500
SP_Tim,0,indeterminate,late,FALSE,17625379,11138500
Wet_BFL_Dur,1,likely_unaltered,none_found,TRUE,17625379,11138500
Wet_BFL_Mag_10,0,indeterminate,unknown,TRUE,17625379,11138500
Wet_BFL_Mag_50,0,indeterminate,unknown,TRUE,17625379,11138500
Wet_Tim,0,indeterminate,unknown,TRUE,17625379,11138500
Peak_Dur_10,1,likely_unaltered,none_found,TRUE,17625379,11138500
Peak_Dur_2,1,likely_unaltered,none_found,TRUE,17625379,11138500
Peak_Dur_5,1,likely_unaltered,none_found,TRUE,17625379,11138500
Peak_10,1,likely_unaltered,none_found,FALSE,17625379,11138500
Peak_2,1,likely_unaltered,none_found,FALSE,17625379,11138500
Peak_5,1,likely_unaltered,none_found,TRUE,17625379,11138500
Peak_Fre_10,1,likely_unaltered,none_found,TRUE,17625379,11138500
Peak_Fre_2,1,likely_unaltered,none_found,TRUE,17625379,11138500
Peak_Fre_5,1,likely_unaltered,none_found,TRUE,17625379,11138500
DS_Dur_WS,1,likely_unaltered,none_found,TRUE,8189809,11143000
DS_Tim,0,indeterminate,unknown,TRUE,8189809,11143000
DS_Mag_50,0,indeterminate,unknown,TRUE,8189809,11143000
DS_Mag_90,1,likely_unaltered,none_found,TRUE,8189809,11143000
FA_Dur,1,likely_unaltered,none_found,TRUE,8189809,11143000
FA_Mag,1,likely_unaltered,none_found,TRUE,8189809,11143000
FA_Tim,0,indeterminate,unknown,TRUE,8189809,11143000
SP_ROC,-1,likely_altered,low,FALSE,8189809,11143000
SP_Dur,1,likely_unaltered,none_found,TRUE,8189809,11143000
SP_Mag,0,indeterminate,unknown,TRUE,8189809,11143000
SP_Tim,0,indeterminate,unknown,TRUE,8189809,11143000
Wet_BFL_Dur,0,indeterminate,unknown,TRUE,8189809,11143000
Wet_BFL_Mag_10,0,indeterminate,unknown,TRUE,8189809,11143000
Wet_BFL_Mag_50,0,indeterminate,unknown,TRUE,8189809,11143000
Wet_Tim,0,indeterminate,unknown,TRUE,8189809,11143000
Peak_Dur_10,1,likely_unaltered,none_found,TRUE,8189809,11143000
Peak_Dur_2,1,likely_unaltered,none_found,TRUE,8189809,11143000
Peak_Dur_5,1,likely_unaltered,none_found,TRUE,8189809,11143000
Peak_10,1,likely_unaltered,none_found,TRUE,8189809,11143000
Peak_2,1,likely_unaltered,none_found,FALSE,8189809,11143000
Peak_5,1,likely_unaltered,none_found,TRUE,8189809,11143000
Peak_Fre_10,1,likely_unaltered,none_found,TRUE,8189809,11143000
Peak_Fre_2,1,likely_unaltered,none_found,TRUE,8189809,11143000
Peak_Fre_5,1,likely_unaltered,none_found,TRUE,8189809,11143000
DS_Dur_WS,0,indeterminate,unknown,TRUE,8205487,11151300
DS_Tim,0,indeterminate,early,FALSE,8205487,11151300
DS_Mag_50,1,likely_unaltered,none_found,TRUE,8205487,11151300
DS_Mag_90,1,likely_unaltered,none_found,TRUE,8205487,11151300
FA_Dur,1,likely_unaltered,none_found,TRUE,8205487,11151300
FA_Mag,1,likely_unaltered,none_found,TRUE,8205487,11151300
FA_Tim,1,likely_unaltered,none_found,TRUE,8205487,11151300
SP_ROC,1,likely_unaltered,none_found,FALSE,8205487,11151300
SP_Dur,1,likely_unaltered,none_found,TRUE,8205487,11151300
SP_Mag,1,likely_unaltered,none_found,TRUE,8205487,11151300
SP_Tim,1,likely_unaltered,none_found,TRUE,8205487,11151300
Wet_BFL_Dur,1,likely_unaltered,none_found,TRUE,8205487,11151300
Wet_BFL_Mag_10,1,likely_unaltered,none_found,TRUE,8205487,11151300
Wet_BFL_Mag_50,0,indeterminate,unknown,TRUE,8205487,11151300
Wet_Tim,0,indeterminate,unknown,TRUE,8205487,11151300
Peak_Dur_10,1,likely_unaltered,none_found,TRUE,8205487,11151300
Peak_Dur_2,1,likely_unaltered,none_found,TRUE,8205487,11151300
Peak_Dur_5,1,likely_unaltered,none_found,TRUE,8205487,11151300
Peak_10,1,likely_unaltered,none_found,TRUE,8205487,11151300
Peak_2,1,likely_unaltered,none_found,TRUE,8205487,11151300
Peak_5,1,likely_unaltered,none_found,TRUE,8205487,11151300
Peak_Fre_10,1,likely_unaltered,none_found,TRUE,8205487,11151300
Peak_Fre_2,1,likely_unaltered,none_found,TRUE,8205487,11151300
Peak_Fre_5,1,likely_unaltered,none_found,TRUE,8205487,11151300
DS_Dur_WS,1,likely_unaltered,none_found,TRUE,8203373,11151870
DS_Tim,1,likely_unaltered,none_found,TRUE,8203373,11151870
DS_Mag_50,1,likely_unaltered,none_found,TRUE,8203373,11151870
DS_Mag_90,1,likely_unaltered,none_found,TRUE,8203373,11151870
FA_Dur,1,likely_unaltered,none_found,TRUE,8203373,11151870
FA_Mag,1,likely_unaltered,none_found,TRUE,8203373,11151870
FA_Tim,1,likely_unaltered,none_found,FALSE,8203373,11151870
SP_ROC,1,likely_unaltered,none_found,FALSE,8203373,11151870
SP_Dur,1,likely_unaltered,none_found,TRUE,8203373,11151870
SP_Mag,1,likely_unaltered,none_found,FALSE,8203373,11151870
SP_Tim,1,likely_unaltered,none_found,TRUE,8203373,11151870
Wet_BFL_Dur,0,indeterminate,unknown,TRUE,8203373,11151870
Wet_BFL_Mag_10,1,likely_unaltered,none_found,TRUE,8203373,11151870
Wet_BFL_Mag_50,0,indeterminate,high,FALSE,8203373,11151870
Wet_Tim,0,indeterminate,early,FALSE,8203373,11151870
Peak_Dur_10,1,likely_unaltered,none_found,TRUE,8203373,11151870
Peak_Dur_2,1,likely_unaltered,none_found,TRUE,8203373,11151870
Peak_Dur_5,1,likely_unaltered,none_found,TRUE,8203373,11151870
Peak_10,-1,likely_altered,high,FALSE,8203373,11151870
Peak_2,-1,likely_altered,high,FALSE,8203373,11151870
Peak_5,1,likely_unaltered,none_found,FALSE,8203373,11151870
Peak_Fre_10,1,likely_unaltered,none_found,TRUE,8203373,11151870
Peak_Fre_2,1,likely_unaltered,none_found,TRUE,8203373,11151870
Peak_Fre_5,1,likely_unaltered,none_found,TRUE,8203373,11151870
DS_Dur_WS,1,likely_unaltered,none_found,TRUE,17661653,11154100
DS_Tim,1,likely_unaltered,none_found,TRUE,17661653,11154100
DS_Mag_50,1,likely_unaltered,none_found,TRUE,17661653,11154100
DS_Mag_90,1,likely_unaltered,none_found,TRUE,17661653,11154100
FA_Dur,1,likely_unaltered,none_found,FALSE,17661653,11154100
FA_Mag,1,likely_unaltered,none_found,TRUE,17661653,11154100
FA_Tim,1,likely_unaltered,none_found,TRUE,17661653,11154100
SP_ROC,1,likely_unaltered,none_found,FALSE,17661653,11154100
SP_Dur,1,likely_unaltered,none_found,TRUE,17661653,11154100
SP_Mag,1,likely_unaltered,none_found,FALSE,17661653,11154100
SP_Tim,1,likely_unaltered,none_found,FALSE,17661653,11154100
Wet_BFL_Dur,1,likely_unaltered,none_found,TRUE,17661653,11154100
Wet_BFL_Mag_10,1,likely_unaltered,none_found,TRUE,17661653,11154100
Wet_BFL_Mag_50,1,likely_unaltered,none_found,TRUE,17661653,11154100
Wet_Tim,1,likely_unaltered,none_found,TRUE,17661653,11154100
Peak_Dur_10,1,likely_unaltered,none_found,TRUE,17661653,11154100
Peak_Dur_2,1,likely_unaltered,none_found,TRUE,17661653,11154100
Peak_Dur_5,1,likely_unaltered,none_found,TRUE,17661653,11154100
Peak_10,-1,likely_altered,low,FALSE,17661653,11154100
Peak_2,-1,likely_altered,low,FALSE,17661653,11154100
Peak_5,-1,likely_altered,low,FALSE,17661653,11154100
Peak_Fre_10,1,likely_unaltered,none_found,TRUE,17661653,11154100
Peak_Fre_2,1,likely_unaltered,none_found,TRUE,17661653,11154100
Peak_Fre_5,1,likely_unaltered,none_found,TRUE,17661653,11154100
DS_Dur_WS,1,likely_unaltered,none_found,FALSE,17673639,11154700
DS_Tim,1,likely_unaltered,none_found,TRUE,17673639,11154700
DS_Mag_50,0,indeterminate,unknown,TRUE,17673639,11154700
DS_Mag_90,1,likely_unaltered,none_found,TRUE,17673639,11154700
FA_Dur,1,likely_unaltered,none_found,TRUE,17673639,11154700
FA_Mag,1,likely_unaltered,none_found,TRUE,17673639,11154700
FA_Tim,1,likely_unaltered,none_found,TRUE,17673639,11154700
SP_ROC,1,likely_unaltered,none_found,FALSE,17673639,11154700
SP_Dur,1,likely_unaltered,none_found,TRUE,17673639,11154700
SP_Mag,1,likely_unaltered,none_found,TRUE,17673639,11154700
SP_Tim,1,likely_unaltered,none_found,FALSE,17673639,11154700
Wet_BFL_Dur,1,likely_unaltered,none_found,TRUE,17673639,11154700
Wet_BFL_Mag_10,1,likely_unaltered,none_found,FALSE,17673639,11154700
Wet_BFL_Mag_50,1,likely_unaltered,none_found,FALSE,17673639,11154700
Wet_Tim,1,likely_unaltered,none_found,TRUE,17673639,11154700
Peak_Dur_10,1,likely_unaltered,none_found,TRUE,17673639,11154700
Peak_Dur_2,1,likely_unaltered,none_found,TRUE,17673639,11154700
Peak_Dur_5,1,likely_unaltered,none_found,FALSE,17673639,11154700
Peak_10,1,likely_unaltered,none_found,TRUE,17673639,11154700
Peak_2,1,likely_unaltered,none_found,TRUE,17673639,11154700
Peak_5,1,likely_unaltered,none_found,TRUE,17673639,11154700
Peak_Fre_10,1,likely_unaltered,none_found,FALSE,17673639,11154700
Peak_Fre_2,1,likely_unaltered,none_found,TRUE,17673639,11154700
Peak_Fre_5,1,likely_unaltered,none_found,TRUE,17673639,11154700
DS_Dur_WS,1,likely_unaltered,none_found,TRUE,17665649,11156500
DS_Tim,0,indeterminate,late,FALSE,17665649,11156500
DS_Mag_50,1,likely_unaltered,none_found,TRUE,17665649,11156500
DS_Mag_90,1,likely_unaltered,none_found,TRUE,17665649,11156500
FA_Dur,1,likely_unaltered,none_found,TRUE,17665649,11156500
FA_Mag,1,likely_unaltered,none_found,TRUE,17665649,11156500
FA_Tim,1,likely_unaltered,none_found,TRUE,17665649,11156500
SP_ROC,1,likely_unaltered,none_found,TRUE,17665649,11156500
SP_Dur,1,likely_unaltered,none_found,TRUE,17665649,11156500
SP_Mag,1,likely_unaltered,none_found,TRUE,17665649,11156500
SP_Tim,1,likely_unaltered,none_found,FALSE,17665649,11156500
Wet_BFL_Dur,1,likely_unaltered,none_found,TRUE,17665649,11156500
Wet_BFL_Mag_10,1,likely_unaltered,none_found,FALSE,17665649,11156500
Wet_BFL_Mag_50,1,likely_unaltered,none_found,TRUE,17665649,11156500
Wet_Tim,0,indeterminate,unknown,TRUE,17665649,11156500
Peak_Dur_10,1,likely_unaltered,none_found,TRUE,17665649,11156500
Peak_Dur_2,1,likely_unaltered,none_found,TRUE,17665649,11156500
Peak_Dur_5,1,likely_unaltered,none_found,TRUE,17665649,11156500
Peak_10,-1,likely_altered,low,FALSE,17665649,11156500
Peak_2,-1,likely_altered,low,FALSE,17665649,11156500
Peak_5,-1,likely_altered,low,FALSE,17665649,11156500
Peak_Fre_10,1,likely_unaltered,none_found,TRUE,17665649,11156500
Peak_Fre_2,1,likely_unaltered,none_found,TRUE,17665649,11156500
Peak_Fre_5,1,likely_unaltered,none_found,TRUE,17665649,11156500
DS_Dur_WS,1,likely_unaltered,none_found,TRUE,17683402,11159690
DS_Tim,1,likely_unaltered,none_found,TRUE,17683402,11159690
DS_Mag_50,1,likely_unaltered,none_found,TRUE,17683402,11159690
DS_Mag_90,1,likely_unaltered,none_found,TRUE,17683402,11159690
FA_Dur,1,likely_unaltered,none_found,TRUE,17683402,11159690
FA_Mag,1,likely_unaltered,none_found,TRUE,17683402,11159690
FA_Tim,1,likely_unaltered,none_found,FALSE,17683402,11159690
SP_ROC,1,likely_unaltered,none_found,TRUE,17683402,11159690
SP_Dur,1,likely_unaltered,none_found,TRUE,17683402,11159690
SP_Mag,0,indeterminate,unknown,TRUE,17683402,11159690
SP_Tim,1,likely_unaltered,none_found,FALSE,17683402,11159690
Wet_BFL_Dur,0,indeterminate,high,FALSE,17683402,11159690
Wet_BFL_Mag_10,1,likely_unaltered,none_found,TRUE,17683402,11159690
Wet_BFL_Mag_50,1,likely_unaltered,none_found,TRUE,17683402,11159690
Wet_Tim,0,indeterminate,unknown,TRUE,17683402,11159690
Peak_Dur_10,1,likely_unaltered,none_found,FALSE,17683402,11159690
Peak_Dur_2,1,likely_unaltered,none_found,TRUE,17683402,11159690
Peak_Dur_5,1,likely_unaltered,none_found,TRUE,17683402,11159690
Peak_10,1,likely_unaltered,none_found,TRUE,17683402,11159690
Peak_2,1,likely_unaltered,none_found,TRUE,17683402,11159690
Peak_5,1,likely_unaltered,none_found,TRUE,17683402,11159690
Peak_Fre_10,-1,likely_altered,high,FALSE,17683402,11159690
Peak_Fre_2,1,likely_unaltered,none_found,TRUE,17683402,11159690
Peak_Fre_5,1,likely_unaltered,none_found,TRUE,17683402,11159690
DS_Dur_WS,0,indeterminate,unknown,TRUE,17684378,11160000
DS_Tim,0,indeterminate,unknown,TRUE,17684378,11160000
DS_Mag_50,0,indeterminate,unknown,TRUE,17684378,11160000
DS_Mag_90,0,indeterminate,unknown,TRUE,17684378,11160000
FA_Dur,1,likely_unaltered,none_found,TRUE,17684378,11160000
FA_Mag,1,likely_unaltered,none_found,TRUE,17684378,11160000
FA_Tim,0,indeterminate,unknown,TRUE,17684378,11160000
SP_ROC,1,likely_unaltered,none_found,TRUE,17684378,11160000
SP_Dur,0,indeterminate,unknown,TRUE,17684378,11160000
SP_Mag,1,likely_unaltered,none_found,TRUE,17684378,11160000
SP_Tim,0,indeterminate,unknown,TRUE,17684378,11160000
Wet_BFL_Dur,0,indeterminate,unknown,TRUE,17684378,11160000
Wet_BFL_Mag_10,0,indeterminate,unknown,TRUE,17684378,11160000
Wet_BFL_Mag_50,0,indeterminate,unknown,TRUE,17684378,11160000
Wet_Tim,0,indeterminate,unknown,TRUE,17684378,11160000
Peak_Dur_10,1,likely_unaltered,none_found,TRUE,17684378,11160000
Peak_Dur_2,1,likely_unaltered,none_found,TRUE,17684378,11160000
Peak_Dur_5,1,likely_unaltered,none_found,TRUE,17684378,11160000
Peak_10,1,likely_unaltered,none_found,TRUE,17684378,11160000
Peak_2,1,likely_unaltered,none_found,FALSE,17684378,11160000
Peak_5,1,likely_unaltered,none_found,TRUE,17684378,11160000
Peak_Fre_10,1,likely_unaltered,none_found,TRUE,17684378,11160000
Peak_Fre_2,1,likely_unaltered,none_found,TRUE,17684378,11160000
Peak_Fre_5,1,likely_unaltered,none_found,TRUE,17684378,11160000
DS_Dur_WS,1,likely_unaltered,none_found,TRUE,17682178,11160020
DS_Tim,0,indeterminate,unknown,TRUE,17682178,11160020
DS_Mag_50,1,likely_unaltered,none_found,TRUE,17682178,11160020
DS_Mag_90,0,indeterminate,unknown,TRUE,17682178,11160020
FA_Dur,1,likely_unaltered,none_found,TRUE,17682178,11160020
FA_Mag,1,likely_unaltered,none_found,TRUE,17682178,11160020
FA_Tim,1,likely_unaltered,none_found,FALSE,17682178,11160020
SP_ROC,1,likely_unaltered,none_found,TRUE,17682178,11160020
SP_Dur,1,likely_unaltered,none_found,TRUE,17682178,11160020
SP_Mag,0,indeterminate,low,FALSE,17682178,11160020
SP_Tim,1,likely_unaltered,none_found,TRUE,17682178,11160020
Wet_BFL_Dur,0,indeterminate,unknown,TRUE,17682178,11160020
Wet_BFL_Mag_10,0,indeterminate,unknown,TRUE,17682178,11160020
Wet_BFL_Mag_50,0,indeterminate,low,FALSE,17682178,11160020
Wet_Tim,0,indeterminate,late,FALSE,17682178,11160020
Peak_Dur_10,1,likely_unaltered,none_found,TRUE,17682178,11160020
Peak_Dur_2,1,likely_unaltered,none_found,FALSE,17682178,11160020
Peak_Dur_5,1,likely_unaltered,none_found,FALSE,17682178,11160020
Peak_10,1,likely_unaltered,none_found,TRUE,17682178,11160020
Peak_2,1,likely_unaltered,none_found,TRUE,17682178,11160020
Peak_5,1,likely_unaltered,none_found,TRUE,17682178,11160020
Peak_Fre_10,1,likely_unaltered,none_found,TRUE,17682178,11160020
Peak_Fre_2,1,likely_unaltered,none_found,FALSE,17682178,11160020
Peak_Fre_5,1,likely_unaltered,none_found,TRUE,17682178,11160020
DS_Dur_WS,1,likely_unaltered,none_found,FALSE,17682322,11160070
DS_Tim,1,likely_unaltered,none_found,FALSE,17682322,11160070
DS_Mag_50,1,likely_unaltered,none_found,TRUE,17682322,11160070
DS_Mag_90,1,likely_unaltered,none_found,TRUE,17682322,11160070
FA_Dur,1,likely_unaltered,none_found,TRUE,17682322,11160070
FA_Mag,1,likely_unaltered,none_found,TRUE,17682322,11160070
FA_Tim,1,likely_unaltered,none_found,TRUE,17682322,11160070
SP_ROC,1,likely_unaltered,none_found,TRUE,17682322,11160070
SP_Dur,1,likely_unaltered,none_found,TRUE,17682322,11160070
SP_Mag,1,likely_unaltered,none_found,TRUE,17682322,11160070
SP_Tim,1,likely_unaltered,none_found,TRUE,17682322,11160070
Wet_BFL_Dur,1,likely_unaltered,none_found,TRUE,17682322,11160070
Wet_BFL_Mag_10,0,indeterminate,unknown,TRUE,17682322,11160070
Wet_BFL_Mag_50,0,indeterminate,unknown,TRUE,17682322,11160070
Wet_Tim,0,indeterminate,unknown,TRUE,17682322,11160070
Peak_Dur_10,1,likely_unaltered,none_found,TRUE,17682322,11160070
Peak_Dur_2,1,likely_unaltered,none_found,TRUE,17682322,11160070
Peak_Dur_5,1,likely_unaltered,none_found,TRUE,17682322,11160070
Peak_10,1,likely_unaltered,none_found,TRUE,17682322,11160070
Peak_2,1,likely_unaltered,none_found,FALSE,17682322,11160070
Peak_5,1,likely_unaltered,none_found,TRUE,17682322,11160070
Peak_Fre_10,1,likely_unaltered,none_found,TRUE,17682322,11160070
Peak_Fre_2,1,likely_unaltered,none_found,TRUE,17682322,11160070
Peak_Fre_5,1,likely_unaltered,none_found,TRUE,17682322,11160070
DS_Dur_WS,0,indeterminate,unknown,TRUE,17682394,11160300
DS_Tim,0,indeterminate,unknown,TRUE,17682394,11160300
DS_Mag_50,0,indeterminate,low,FALSE,17682394,11160300
DS_Mag_90,0,indeterminate,unknown,TRUE,17682394,11160300
FA_Dur,1,likely_unaltered,none_found,TRUE,17682394,11160300
FA_Mag,1,likely_unaltered,none_found,FALSE,17682394,11160300
FA_Tim,0,indeterminate,early,FALSE,17682394,11160300
SP_ROC,1,likely_unaltered,none_found,TRUE,17682394,11160300
SP_Dur,1,likely_unaltered,none_found,TRUE,17682394,11160300
SP_Mag,0,indeterminate,unknown,TRUE,17682394,11160300
SP_Tim,0,indeterminate,unknown,TRUE,17682394,11160300
Wet_BFL_Dur,0,indeterminate,unknown,TRUE,17682394,11160300
Wet_BFL_Mag_10,0,indeterminate,low,FALSE,17682394,11160300
Wet_BFL_Mag_50,0,indeterminate,low,FALSE,17682394,11160300
Wet_Tim,0,indeterminate,unknown,TRUE,17682394,11160300
Peak_Dur_10,1,likely_unaltered,none_found,TRUE,17682394,11160300
Peak_Dur_2,1,likely_unaltered,none_found,TRUE,17682394,11160300
Peak_Dur_5,1,likely_unaltered,none_found,TRUE,17682394,11160300
Peak_10,1,likely_unaltered,none_found,FALSE,17682394,11160300
Peak_2,1,likely_unaltered,none_found,FALSE,17682394,11160300
Peak_5,1,likely_unaltered,none_found,FALSE,17682394,11160300
Peak_Fre_10,1,likely_unaltered,none_found,TRUE,17682394,11160300
Peak_Fre_2,1,likely_unaltered,none_found,TRUE,17682394,11160300
Peak_Fre_5,1,likely_unaltered,none_found,TRUE,17682394,11160300
DS_Dur_WS,1,likely_unaltered,none_found,TRUE,17682474,11160500
DS_Tim,0,indeterminate,unknown,TRUE,17682474,11160500
DS_Mag_50,0,indeterminate,unknown,TRUE,17682474,11160500
DS_Mag_90,0,indeterminate,high,FALSE,17682474,11160500
FA_Dur,1,likely_unaltered,none_found,TRUE,17682474,11160500
FA_Mag,1,likely_unaltered,none_found,TRUE,17682474,11160500
FA_Tim,0,indeterminate,unknown,TRUE,17682474,11160500
SP_ROC,1,likely_unaltered,none_found,FALSE,17682474,11160500
SP_Dur,1,likely_unaltered,none_found,TRUE,17682474,11160500
SP_Mag,0,indeterminate,unknown,TRUE,17682474,11160500
SP_Tim,0,indeterminate,unknown,TRUE,17682474,11160500
Wet_BFL_Dur,0,indeterminate,unknown,TRUE,17682474,11160500
Wet_BFL_Mag_10,0,indeterminate,unknown,TRUE,17682474,11160500
Wet_BFL_Mag_50,0,indeterminate,unknown,TRUE,17682474,11160500
Wet_Tim,0,indeterminate,late,FALSE,17682474,11160500
Peak_Dur_10,1,likely_unaltered,none_found,TRUE,17682474,11160500
Peak_Dur_2,1,likely_unaltered,none_found,TRUE,17682474,11160500
Peak_Dur_5,1,likely_unaltered,none_found,TRUE,17682474,11160500
Peak_10,1,likely_unaltered,none_found,TRUE,17682474,11160500
Peak_2,1,likely_unaltered,none_found,TRUE,17682474,11160500
Peak_5,1,likely_unaltered,none_found,TRUE,17682474,11160500
Peak_Fre_10,1,likely_unaltered,none_found,TRUE,17682474,11160500
Peak_Fre_2,1,likely_unaltered,none_found,TRUE,17682474,11160500
Peak_Fre_5,1,likely_unaltered,none_found,TRUE,17682474,11160500
DS_Dur_WS,0,indeterminate,unknown,TRUE,17688105,11162500
DS_Tim,0,indeterminate,unknown,TRUE,17688105,11162500
DS_Mag_50,0,indeterminate,unknown,TRUE,17688105,11162500
DS_Mag_90,0,indeterminate,unknown,TRUE,17688105,11162500
FA_Dur,1,likely_unaltered,none_found,TRUE,17688105,11162500
FA_Mag,1,likely_unaltered,none_found,TRUE,17688105,11162500
FA_Tim,0,indeterminate,unknown,TRUE,17688105,11162500
SP_ROC,1,likely_unaltered,none_found,TRUE,17688105,11162500
SP_Dur,1,likely_unaltered,none_found,TRUE,17688105,11162500
SP_Mag,0,indeterminate,unknown,TRUE,17688105,11162500
SP_Tim,0,indeterminate,unknown,TRUE,17688105,11162500
Wet_BFL_Dur,0,indeterminate,unknown,TRUE,17688105,11162500
Wet_BFL_Mag_10,0,indeterminate,unknown,TRUE,17688105,11162500
Wet_BFL_Mag_50,0,indeterminate,unknown,TRUE,17688105,11162500
Wet_Tim,0,indeterminate,unknown,TRUE,17688105,11162500
Peak_Dur_10,1,likely_unaltered,none_found,TRUE,17688105,11162500
Peak_Dur_2,1,likely_unaltered,none_found,TRUE,17688105,11162500
Peak_Dur_5,1,likely_unaltered,none_found,TRUE,17688105,11162500
Peak_10,1,likely_unaltered,none_found,TRUE,17688105,11162500
Peak_2,1,likely_unaltered,none_found,TRUE,17688105,11162500
Peak_5,1,likely_unaltered,none_found,FALSE,17688105,11162500
Peak_Fre_10,1,likely_unaltered,none_found,TRUE,17688105,11162500
Peak_Fre_2,1,likely_unaltered,none_found,TRUE,17688105,11162500
Peak_Fre_5,1,likely_unaltered,none_found,TRUE,17688105,11162500
DS_Dur_WS,1,likely_unaltered,none_found,TRUE,17694079,11172100
DS_Tim,1,likely_unaltered,none_found,TRUE,17694079,11172100
DS_Mag_50,1,likely_unaltered,none_found,TRUE,17694079,11172100
DS_Mag_90,1,likely_unaltered,none_found,TRUE,17694079,11172100
FA_Dur,1,likely_unaltered,none_found,TRUE,17694079,11172100
FA_Mag,1,likely_unaltered,none_found,FALSE,17694079,11172100
FA_Tim,1,likely_unaltered,none_found,FALSE,17694079,11172100
SP_ROC,1,likely_unaltered,none_found,TRUE,17694079,11172100
SP_Dur,1,likely_unaltered,none_found,TRUE,17694079,11172100
SP_Mag,1,likely_unaltered,none_found,FALSE,17694079,11172100
SP_Tim,1,likely_unaltered,none_found,TRUE,17694079,11172100
Wet_BFL_Dur,1,likely_unaltered,none_found,TRUE,17694079,11172100
Wet_BFL_Mag_10,1,likely_unaltered,none_found,TRUE,17694079,11172100
Wet_BFL_Mag_50,0,indeterminate,unknown,TRUE,17694079,11172100
Wet_Tim,1,likely_unaltered,none_found,TRUE,17694079,11172100
Peak_Dur_10,1,likely_unaltered,none_found,TRUE,17694079,11172100
Peak_Dur_2,1,likely_unaltered,none_found,TRUE,17694079,11172100
Peak_Dur_5,1,likely_unaltered,none_found,TRUE,17694079,11172100
Peak_10,1,likely_unaltered,none_found,TRUE,17694079,11172100
Peak_2,1,likely_unaltered,none_found,TRUE,17694079,11172100
Peak_5,1,likely_unaltered,none_found,TRUE,17694079,11172100
Peak_Fre_10,1,likely_unaltered,none_found,TRUE,17694079,11172100
Peak_Fre_2,1,likely_unaltered,none_found,TRUE,17694079,11172100
Peak_Fre_5,1,likely_unaltered,none_found,TRUE,17694079,11172100
DS_Dur_WS,1,likely_unaltered,none_found,TRUE,2809859,11173200
DS_Tim,1,likely_unaltered,none_found,TRUE,2809859,11173200
DS_Mag_50,1,likely_unaltered,none_found,FALSE,2809859,11173200
DS_Mag_90,1,likely_unaltered,none_found,TRUE,2809859,11173200
FA_Dur,1,likely_unaltered,none_found,TRUE,2809859,11173200
FA_Mag,1,likely_unaltered,none_found,TRUE,2809859,11173200
FA_Tim,1,likely_unaltered,none_found,TRUE,2809859,11173200
SP_ROC,1,likely_unaltered,none_found,TRUE,2809859,11173200
SP_Dur,1,likely_unaltered,none_found,TRUE,2809859,11173200
SP_Mag,1,likely_unaltered,none_found,TRUE,2809859,11173200
SP_Tim,1,likely_unaltered,none_found,TRUE,2809859,11173200
Wet_BFL_Dur,1,likely_unaltered,none_found,TRUE,2809859,11173200
Wet_BFL_Mag_10,1,likely_unaltered,none_found,FALSE,2809859,11173200
Wet_BFL_Mag_50,0,indeterminate,high,FALSE,2809859,11173200
Wet_Tim,1,likely_unaltered,none_found,TRUE,2809859,11173200
Peak_Dur_10,1,likely_unaltered,none_found,TRUE,2809859,11173200
Peak_Dur_2,1,likely_unaltered,none_found,TRUE,2809859,11173200
Peak_Dur_5,1,likely_unaltered,none_found,TRUE,2809859,11173200
Peak_10,1,likely_unaltered,none_found,FALSE,2809859,11173200
Peak_2,-1,likely_altered,high,FALSE,2809859,11173200
Peak_5,1,likely_unaltered,none_found,TRUE,2809859,11173200
Peak_Fre_10,1,likely_unaltered,none_found,TRUE,2809859,11173200
Peak_Fre_2,1,likely_unaltered,none_found,TRUE,2809859,11173200
Peak_Fre_5,1,likely_unaltered,none_found,TRUE,2809859,11173200
DS_Dur_WS,1,likely_unaltered,none_found,FALSE,2803945,11180825
DS_Tim,1,likely_unaltered,none_found,TRUE,2803945,11180825
DS_Mag_50,1,likely_unaltered,none_found,FALSE,2803945,11180825
DS_Mag_90,1,likely_unaltered,none_found,TRUE,2803945,11180825
FA_Dur,1,likely_unaltered,none_found,TRUE,2803945,11180825
FA_Mag,1,likely_unaltered,none_found,TRUE,2803945,11180825
FA_Tim,1,likely_unaltered,none_found,TRUE,2803945,11180825
SP_ROC,1,likely_unaltered,none_found,TRUE,2803945,11180825
SP_Dur,1,likely_unaltered,none_found,TRUE,2803945,11180825
SP_Mag,1,likely_unaltered,none_found,TRUE,2803945,11180825
SP_Tim,1,likely_unaltered,none_found,TRUE,2803945,11180825
Wet_BFL_Dur,0,indeterminate,unknown,TRUE,2803945,11180825
Wet_BFL_Mag_10,1,likely_unaltered,none_found,TRUE,2803945,11180825
Wet_BFL_Mag_50,0,indeterminate,unknown,TRUE,2803945,11180825
Wet_Tim,0,indeterminate,early,FALSE,2803945,11180825
Peak_Dur_10,1,likely_unaltered,none_found,TRUE,2803945,11180825
Peak_Dur_2,1,likely_unaltered,none_found,TRUE,2803945,11180825
Peak_Dur_5,1,likely_unaltered,none_found,TRUE,2803945,11180825
Peak_10,1,likely_unaltered,none_found,FALSE,2803945,11180825
Peak_2,1,likely_unaltered,none_found,FALSE,2803945,11180825
Peak_5,1,likely_unaltered,none_found,FALSE,2803945,11180825
Peak_Fre_10,1,likely_unaltered,none_found,TRUE,2803945,11180825
Peak_Fre_2,1,likely_unaltered,none_found,TRUE,2803945,11180825
Peak_Fre_5,1,likely_unaltered,none_found,TRUE,2803945,11180825
DS_Dur_WS,1,likely_unaltered,none_found,TRUE,2803983,11181000
DS_Tim,1,likely_unaltered,none_found,TRUE,2803983,11181000
DS_Mag_50,1,likely_unaltered,none_found,FALSE,2803983,11181000
DS_Mag_90,1,likely_unaltered,none_found,TRUE,2803983,11181000
FA_Dur,1,likely_unaltered,none_found,TRUE,2803983,11181000
FA_Mag,1,likely_unaltered,none_found,TRUE,2803983,11181000
FA_Tim,1,likely_unaltered,none_found,FALSE,2803983,11181000
SP_ROC,1,likely_unaltered,none_found,TRUE,2803983,11181000
SP_Dur,1,likely_unaltered,none_found,TRUE,2803983,11181000
SP_Mag,1,likely_unaltered,none_found,TRUE,2803983,11181000
SP_Tim,0,indeterminate,unknown,TRUE,2803983,11181000
Wet_BFL_Dur,1,likely_unaltered,none_found,FALSE,2803983,11181000
Wet_BFL_Mag_10,0,indeterminate,unknown,TRUE,2803983,11181000
Wet_BFL_Mag_50,0,indeterminate,unknown,TRUE,2803983,11181000
Wet_Tim,0,indeterminate,unknown,TRUE,2803983,11181000
Peak_Dur_10,1,likely_unaltered,none_found,TRUE,2803983,11181000
Peak_Dur_2,1,likely_unaltered,none_found,TRUE,2803983,11181000
Peak_Dur_5,1,likely_unaltered,none_found,TRUE,2803983,11181000
Peak_10,1,likely_unaltered,none_found,FALSE,2803983,11181000
Peak_2,1,likely_unaltered,none_found,FALSE,2803983,11181000
Peak_5,1,likely_unaltered,none_found,TRUE,2803983,11181000
Peak_Fre_10,1,likely_unaltered,none_found,TRUE,2803983,11181000
Peak_Fre_2,1,likely_unaltered,none_found,TRUE,2803983,11181000
Peak_Fre_5,1,likely_unaltered,none_found,TRUE,2803983,11181000
DS_Dur_WS,1,likely_unaltered,none_found,TRUE,2790443,11182500
DS_Tim,1,likely_unaltered,none_found,TRUE,2790443,11182500
DS_Mag_50,1,likely_unaltered,none_found,TRUE,2790443,11182500
DS_Mag_90,1,likely_unaltered,none_found,TRUE,2790443,11182500
FA_Dur,1,likely_unaltered,none_found,TRUE,2790443,11182500
FA_Mag,1,likely_unaltered,none_found,TRUE,2790443,11182500
FA_Tim,1,likely_unaltered,none_found,TRUE,2790443,11182500
SP_ROC,1,likely_unaltered,none_found,TRUE,2790443,11182500
SP_Dur,1,likely_unaltered,none_found,TRUE,2790443,11182500
SP_Mag,0,indeterminate,unknown,TRUE,2790443,11182500
SP_Tim,0,indeterminate,unknown,TRUE,2790443,11182500
Wet_BFL_Dur,0,indeterminate,unknown,TRUE,2790443,11182500
Wet_BFL_Mag_10,0,indeterminate,unknown,TRUE,2790443,11182500
Wet_BFL_Mag_50,0,indeterminate,unknown,TRUE,2790443,11182500
Wet_Tim,0,indeterminate,unknown,TRUE,2790443,11182500
Peak_Dur_10,1,likely_unaltered,none_found,TRUE,2790443,11182500
Peak_Dur_2,1,likely_unaltered,none_found,TRUE,2790443,11182500
Peak_Dur_5,1,likely_unaltered,none_found,TRUE,2790443,11182500
Peak_10,1,likely_unaltered,none_found,TRUE,2790443,11182500
Peak_2,1,likely_unaltered,none_found,TRUE,2790443,11182500
Peak_5,1,likely_unaltered,none_found,FALSE,2790443,11182500
Peak_Fre_10,1,likely_unaltered,none_found,TRUE,2790443,11182500
Peak_Fre_2,1,likely_unaltered,none_found,TRUE,2790443,11182500
Peak_Fre_5,1,likely_unaltered,none_found,TRUE,2790443,11182500
DS_Dur_WS,1,likely_unaltered,none_found,TRUE,2789355,11183000
DS_Tim,1,likely_unaltered,none_found,TRUE,2789355,11183000
DS_Mag_50,1,likely_unaltered,none_found,FALSE,2789355,11183000
DS_Mag_90,1,likely_unaltered,none_found,FALSE,2789355,11183000
FA_Dur,1,likely_unaltered,none_found,TRUE,2789355,11183000
FA_Mag,1,likely_unaltered,none_found,TRUE,2789355,11183000
FA_Tim,1,likely_unaltered,none_found,TRUE,2789355,11183000
SP_ROC,1,likely_unaltered,none_found,TRUE,2789355,11183000
SP_Dur,1,likely_unaltered,none_found,TRUE,2789355,11183000
SP_Mag,1,likely_unaltered,none_found,TRUE,2789355,11183000
SP_Tim,0,indeterminate,unknown,TRUE,2789355,11183000
Wet_BFL_Dur,1,likely_unaltered,none_found,TRUE,2789355,11183000
Wet_BFL_Mag_10,1,likely_unaltered,none_found,FALSE,2789355,11183000
Wet_BFL_Mag_50,0,indeterminate,unknown,TRUE,2789355,11183000
Wet_Tim,1,likely_unaltered,none_found,TRUE,2789355,11183000
Peak_Dur_10,1,likely_unaltered,none_found,TRUE,2789355,11183000
Peak_Dur_2,1,likely_unaltered,none_found,TRUE,2789355,11183000
Peak_Dur_5,1,likely_unaltered,none_found,TRUE,2789355,11183000
Peak_10,1,likely_unaltered,none_found,FALSE,2789355,11183000
Peak_2,1,likely_unaltered,none_found,TRUE,2789355,11183000
Peak_5,-1,likely_altered,high,FALSE,2789355,11183000
Peak_Fre_10,1,likely_unaltered,none_found,TRUE,2789355,11183000
Peak_Fre_2,1,likely_unaltered,none_found,TRUE,2789355,11183000
Peak_Fre_5,1,likely_unaltered,none_found,TRUE,2789355,11183000
DS_Dur_WS,1,likely_unaltered,none_found,TRUE,22057147,11220500
DS_Tim,1,likely_unaltered,none_found,TRUE,22057147,11220500
DS_Mag_50,1,likely_unaltered,none_found,TRUE,22057147,11220500
DS_Mag_90,1,likely_unaltered,none_found,TRUE,22057147,11220500
FA_Dur,1,likely_unaltered,none_found,TRUE,22057147,11220500
FA_Mag,1,likely_unaltered,none_found,TRUE,22057147,11220500
FA_Tim,1,likely_unaltered,none_found,TRUE,22057147,11220500
SP_ROC,1,likely_unaltered,none_found,FALSE,22057147,11220500
SP_Dur,1,likely_unaltered,none_found,TRUE,22057147,11220500
SP_Mag,1,likely_unaltered,none_found,TRUE,22057147,11220500
SP_Tim,1,likely_unaltered,none_found,TRUE,22057147,11220500
Wet_BFL_Dur,1,likely_unaltered,none_found,TRUE,22057147,11220500
Wet_BFL_Mag_10,1,likely_unaltered,none_found,TRUE,22057147,11220500
Wet_BFL_Mag_50,1,likely_unaltered,none_found,TRUE,22057147,11220500
Wet_Tim,0,indeterminate,unknown,TRUE,22057147,11220500
Peak_Dur_10,1,likely_unaltered,none_found,FALSE,22057147,11220500
Peak_Dur_2,1,likely_unaltered,none_found,TRUE,22057147,11220500
Peak_Dur_5,1,likely_unaltered,none_found,FALSE,22057147,11220500
Peak_10,1,likely_unaltered,none_found,TRUE,22057147,11220500
Peak_2,1,likely_unaltered,none_found,TRUE,22057147,11220500
Peak_5,1,likely_unaltered,none_found,TRUE,22057147,11220500
Peak_Fre_10,1,likely_unaltered,none_found,FALSE,22057147,11220500
Peak_Fre_2,1,likely_unaltered,none_found,TRUE,22057147,11220500
Peak_Fre_5,1,likely_unaltered,none_found,TRUE,22057147,11220500
DS_Dur_WS,1,likely_unaltered,none_found,TRUE,17100137,11257500
DS_Tim,1,likely_unaltered,none_found,TRUE,17100137,11257500
DS_Mag_50,0,indeterminate,unknown,TRUE,17100137,11257500
DS_Mag_90,1,likely_unaltered,none_found,TRUE,17100137,11257500
FA_Dur,1,likely_unaltered,none_found,TRUE,17100137,11257500
FA_Mag,1,likely_unaltered,none_found,TRUE,17100137,11257500
FA_Tim,1,likely_unaltered,none_found,TRUE,17100137,11257500
SP_ROC,1,likely_unaltered,none_found,TRUE,17100137,11257500
SP_Dur,1,likely_unaltered,none_found,TRUE,17100137,11257500
SP_Mag,1,likely_unaltered,none_found,TRUE,17100137,11257500
SP_Tim,1,likely_unaltered,none_found,TRUE,17100137,11257500
Wet_BFL_Dur,1,likely_unaltered,none_found,TRUE,17100137,11257500
Wet_BFL_Mag_10,1,likely_unaltered,none_found,TRUE,17100137,11257500
Wet_BFL_Mag_50,1,likely_unaltered,none_found,TRUE,17100137,11257500
Wet_Tim,1,likely_unaltered,none_found,TRUE,17100137,11257500
Peak_Dur_10,1,likely_unaltered,none_found,TRUE,17100137,11257500
Peak_Dur_2,1,likely_unaltered,none_found,TRUE,17100137,11257500
Peak_Dur_5,1,likely_unaltered,none_found,TRUE,17100137,11257500
Peak_10,1,likely_unaltered,none_found,FALSE,17100137,11257500
Peak_2,1,likely_unaltered,none_found,FALSE,17100137,11257500
Peak_5,-1,likely_altered,low,FALSE,17100137,11257500
Peak_Fre_10,1,likely_unaltered,none_found,TRUE,17100137,11257500
Peak_Fre_2,1,likely_unaltered,none_found,TRUE,17100137,11257500
Peak_Fre_5,1,likely_unaltered,none_found,TRUE,17100137,11257500
DS_Dur_WS,1,likely_unaltered,none_found,FALSE,2828012,11274500
DS_Tim,1,likely_unaltered,none_found,TRUE,2828012,11274500
DS_Mag_50,1,likely_unaltered,none_found,TRUE,2828012,11274500
DS_Mag_90,1,likely_unaltered,none_found,TRUE,2828012,11274500
FA_Dur,1,likely_unaltered,none_found,TRUE,2828012,11274500
FA_Mag,-1,likely_altered,high,FALSE,2828012,11274500
FA_Tim,1,likely_unaltered,none_found,FALSE,2828012,11274500
SP_ROC,1,likely_unaltered,none_found,TRUE,2828012,11274500
SP_Dur,1,likely_unaltered,none_found,TRUE,2828012,11274500
SP_Mag,1,likely_unaltered,none_found,FALSE,2828012,11274500
SP_Tim,1,likely_unaltered,none_found,TRUE,2828012,11274500
Wet_BFL_Dur,1,likely_unaltered,none_found,TRUE,2828012,11274500
Wet_BFL_Mag_10,1,likely_unaltered,none_found,TRUE,2828012,11274500
Wet_BFL_Mag_50,-1,likely_altered,high,FALSE,2828012,11274500
Wet_Tim,1,likely_unaltered,none_found,TRUE,2828012,11274500
Peak_Dur_10,1,likely_unaltered,none_found,TRUE,2828012,11274500
Peak_Dur_2,1,likely_unaltered,none_found,TRUE,2828012,11274500
Peak_Dur_5,1,likely_unaltered,none_found,TRUE,2828012,11274500
Peak_10,1,likely_unaltered,none_found,TRUE,2828012,11274500
Peak_2,1,likely_unaltered,none_found,FALSE,2828012,11274500
Peak_5,1,likely_unaltered,none_found,TRUE,2828012,11274500
Peak_Fre_10,1,likely_unaltered,none_found,TRUE,2828012,11274500
Peak_Fre_2,1,likely_unaltered,none_found,TRUE,2828012,11274500
Peak_Fre_5,1,likely_unaltered,none_found,TRUE,2828012,11274500
DS_Dur_WS,1,likely_unaltered,none_found,TRUE,347487,11292500
DS_Tim,1,likely_unaltered,none_found,TRUE,347487,11292500
DS_Mag_50,1,likely_unaltered,none_found,TRUE,347487,11292500
DS_Mag_90,1,likely_unaltered,none_found,TRUE,347487,11292500
FA_Dur,1,likely_unaltered,none_found,TRUE,347487,11292500
FA_Mag,1,likely_unaltered,none_found,TRUE,347487,11292500
FA_Tim,1,likely_unaltered,none_found,TRUE,347487,11292500
SP_ROC,1,likely_unaltered,none_found,FALSE,347487,11292500
SP_Dur,1,likely_unaltered,none_found,TRUE,347487,11292500
SP_Mag,1,likely_unaltered,none_found,TRUE,347487,11292500
SP_Tim,1,likely_unaltered,none_found,TRUE,347487,11292500
Wet_BFL_Dur,1,likely_unaltered,none_found,TRUE,347487,11292500
Wet_BFL_Mag_10,1,likely_unaltered,none_found,TRUE,347487,11292500
Wet_BFL_Mag_50,1,likely_unaltered,none_found,TRUE,347487,11292500
Wet_Tim,1,likely_unaltered,none_found,TRUE,347487,11292500
Peak_Dur_10,1,likely_unaltered,none_found,TRUE,347487,11292500
Peak_Dur_2,1,likely_unaltered,none_found,TRUE,347487,11292500
Peak_Dur_5,1,likely_unaltered,none_found,TRUE,347487,11292500
Peak_10,1,likely_unaltered,none_found,TRUE,347487,11292500
Peak_2,1,likely_unaltered,none_found,TRUE,347487,11292500
Peak_5,1,likely_unaltered,none_found,TRUE,347487,11292500
Peak_Fre_10,1,likely_unaltered,none_found,TRUE,347487,11292500
Peak_Fre_2,1,likely_unaltered,none_found,TRUE,347487,11292500
Peak_Fre_5,1,likely_unaltered,none_found,TRUE,347487,11292500
DS_Dur_WS,1,likely_unaltered,none_found,FALSE,347483,11294000
DS_Tim,0,indeterminate,late,FALSE,347483,11294000
DS_Mag_50,0,indeterminate,unknown,TRUE,347483,11294000
DS_Mag_90,1,likely_unaltered,none_found,FALSE,347483,11294000
FA_Dur,1,likely_unaltered,none_found,TRUE,347483,11294000
FA_Mag,0,indeterminate,high,FALSE,347483,11294000
FA_Tim,0,indeterminate,early,FALSE,347483,11294000
SP_ROC,1,likely_unaltered,none_found,FALSE,347483,11294000
SP_Dur,0,indeterminate,unknown,TRUE,347483,11294000
SP_Mag,0,indeterminate,unknown,TRUE,347483,11294000
SP_Tim,0,indeterminate,late,FALSE,347483,11294000
Wet_BFL_Dur,0,indeterminate,unknown,TRUE,347483,11294000
Wet_BFL_Mag_10,1,likely_unaltered,none_found,FALSE,347483,11294000
Wet_BFL_Mag_50,1,likely_unaltered,none_found,TRUE,347483,11294000
Wet_Tim,0,indeterminate,early,FALSE,347483,11294000
Peak_Dur_10,1,likely_unaltered,none_found,TRUE,347483,11294000
Peak_Dur_2,1,likely_unaltered,none_found,TRUE,347483,11294000
Peak_Dur_5,1,likely_unaltered,none_found,TRUE,347483,11294000
Peak_10,1,likely_unaltered,none_found,FALSE,347483,11294000
Peak_2,1,likely_unaltered,none_found,FALSE,347483,11294000
Peak_5,1,likely_unaltered,none_found,FALSE,347483,11294000
Peak_Fre_10,1,likely_unaltered,none_found,TRUE,347483,11294000
Peak_Fre_2,1,likely_unaltered,none_found,TRUE,347483,11294000
Peak_Fre_5,1,likely_unaltered,none_found,TRUE,347483,11294000
DS_Dur_WS,1,likely_unaltered,none_found,TRUE,2782657,11371000
DS_Tim,1,likely_unaltered,none_found,TRUE,2782657,11371000
DS_Mag_50,1,likely_unaltered,none_found,TRUE,2782657,11371000
DS_Mag_90,1,likely_unaltered,none_found,TRUE,2782657,11371000
FA_Dur,1,likely_unaltered,none_found,TRUE,2782657,11371000
FA_Mag,1,likely_unaltered,none_found,TRUE,2782657,11371000
FA_Tim,1,likely_unaltered,none_found,TRUE,2782657,11371000
SP_ROC,1,likely_unaltered,none_found,FALSE,2782657,11371000
SP_Dur,1,likely_unaltered,none_found,TRUE,2782657,11371000
SP_Mag,1,likely_unaltered,none_found,TRUE,2782657,11371000
SP_Tim,1,likely_unaltered,none_found,TRUE,2782657,11371000
Wet_BFL_Dur,1,likely_unaltered,none_found,TRUE,2782657,11371000
Wet_BFL_Mag_10,1,likely_unaltered,none_found,TRUE,2782657,11371000
Wet_BFL_Mag_50,1,likely_unaltered,none_found,TRUE,2782657,11371000
Wet_Tim,0,indeterminate,unknown,TRUE,2782657,11371000
Peak_Dur_10,1,likely_unaltered,none_found,TRUE,2782657,11371000
Peak_Dur_2,1,likely_unaltered,none_found,TRUE,2782657,11371000
Peak_Dur_5,1,likely_unaltered,none_found,TRUE,2782657,11371000
Peak_10,1,likely_unaltered,none_found,TRUE,2782657,11371000
Peak_2,1,likely_unaltered,none_found,TRUE,2782657,11371000
Peak_5,1,likely_unaltered,none_found,TRUE,2782657,11371000
Peak_Fre_10,1,likely_unaltered,none_found,TRUE,2782657,11371000
Peak_Fre_2,1,likely_unaltered,none_found,TRUE,2782657,11371000
Peak_Fre_5,1,likely_unaltered,none_found,TRUE,2782657,11371000
DS_Dur_WS,1,likely_unaltered,none_found,TRUE,2495296,11372000
DS_Tim,1,likely_unaltered,none_found,TRUE,2495296,11372000
DS_Mag_50,1,likely_unaltered,none_found,FALSE,2495296,11372000
DS_Mag_90,1,likely_unaltered,none_found,TRUE,2495296,11372000
FA_Dur,1,likely_unaltered,none_found,TRUE,2495296,11372000
FA_Mag,1,likely_unaltered,none_found,TRUE,2495296,11372000
FA_Tim,1,likely_unaltered,none_found,TRUE,2495296,11372000
SP_ROC,-1,likely_altered,low,FALSE,2495296,11372000
SP_Dur,1,likely_unaltered,none_found,TRUE,2495296,11372000
SP_Mag,-1,likely_altered,low,FALSE,2495296,11372000
SP_Tim,1,likely_unaltered,none_found,TRUE,2495296,11372000
Wet_BFL_Dur,1,likely_unaltered,none_found,TRUE,2495296,11372000
Wet_BFL_Mag_10,0,indeterminate,low,FALSE,2495296,11372000
Wet_BFL_Mag_50,-1,likely_altered,low,FALSE,2495296,11372000
Wet_Tim,0,indeterminate,unknown,TRUE,2495296,11372000
Peak_Dur_10,1,likely_unaltered,none_found,FALSE,2495296,11372000
Peak_Dur_2,1,likely_unaltered,none_found,TRUE,2495296,11372000
Peak_Dur_5,1,likely_unaltered,none_found,TRUE,2495296,11372000
Peak_10,-1,likely_altered,low,FALSE,2495296,11372000
Peak_2,-1,likely_altered,low,FALSE,2495296,11372000
Peak_5,-1,likely_altered,low,FALSE,2495296,11372000
Peak_Fre_10,1,likely_unaltered,none_found,TRUE,2495296,11372000
Peak_Fre_2,1,likely_unaltered,none_found,TRUE,2495296,11372000
Peak_Fre_5,1,likely_unaltered,none_found,TRUE,2495296,11372000
DS_Dur_WS,1,likely_unaltered,none_found,TRUE,8063571,11408850
DS_Tim,1,likely_unaltered,none_found,TRUE,8063571,11408850
DS_Mag_50,1,likely_unaltered,none_found,TRUE,8063571,11408850
DS_Mag_90,1,likely_unaltered,none_found,TRUE,8063571,11408850
FA_Dur,1,likely_unaltered,none_found,TRUE,8063571,11408850
FA_Mag,1,likely_unaltered,none_found,TRUE,8063571,11408850
FA_Tim,1,likely_unaltered,none_found,TRUE,8063571,11408850
SP_ROC,1,likely_unaltered,none_found,TRUE,8063571,11408850
SP_Dur,1,likely_unaltered,none_found,TRUE,8063571,11408850
SP_Mag,1,likely_unaltered,none_found,TRUE,8063571,11408850
SP_Tim,1,likely_unaltered,none_found,TRUE,8063571,11408850
Wet_BFL_Dur,1,likely_unaltered,none_found,TRUE,8063571,11408850
Wet_BFL_Mag_10,1,likely_unaltered,none_found,TRUE,8063571,11408850
Wet_BFL_Mag_50,0,indeterminate,unknown,TRUE,8063571,11408850
Wet_Tim,0,indeterminate,unknown,TRUE,8063571,11408850
Peak_Dur_10,1,likely_unaltered,none_found,TRUE,8063571,11408850
Peak_Dur_2,1,likely_unaltered,none_found,TRUE,8063571,11408850
Peak_Dur_5,1,likely_unaltered,none_found,TRUE,8063571,11408850
Peak_10,1,likely_unaltered,none_found,TRUE,8063571,11408850
Peak_2,1,likely_unaltered,none_found,TRUE,8063571,11408850
Peak_5,1,likely_unaltered,none_found,TRUE,8063571,11408850
Peak_Fre_10,1,likely_unaltered,none_found,TRUE,8063571,11408850
Peak_Fre_2,1,likely_unaltered,none_found,TRUE,8063571,11408850
Peak_Fre_5,1,likely_unaltered,none_found,TRUE,8063571,11408850
DS_Dur_WS,1,likely_unaltered,none_found,TRUE,2666153,11467600
DS_Tim,1,likely_unaltered,none_found,TRUE,2666153,11467600
DS_Mag_50,1,likely_unaltered,none_found,TRUE,2666153,11467600
DS_Mag_90,1,likely_unaltered,none_found,TRUE,2666153,11467600
FA_Dur,1,likely_unaltered,none_found,TRUE,2666153,11467600
FA_Mag,1,likely_unaltered,none_found,TRUE,2666153,11467600
FA_Tim,1,likely_unaltered,none_found,TRUE,2666153,11467600
SP_ROC,1,likely_unaltered,none_found,FALSE,2666153,11467600
SP_Dur,1,likely_unaltered,none_found,TRUE,2666153,11467600
SP_Mag,1,likely_unaltered,none_found,TRUE,2666153,11467600
SP_Tim,1,likely_unaltered,none_found,TRUE,2666153,11467600
Wet_BFL_Dur,0,indeterminate,high,FALSE,2666153,11467600
Wet_BFL_Mag_10,1,likely_unaltered,none_found,FALSE,2666153,11467600
Wet_BFL_Mag_50,1,likely_unaltered,none_found,FALSE,2666153,11467600
Wet_Tim,-1,likely_altered,early,FALSE,2666153,11467600
Peak_Dur_10,1,likely_unaltered,none_found,TRUE,2666153,11467600
Peak_Dur_2,1,likely_unaltered,none_found,TRUE,2666153,11467600
Peak_Dur_5,1,likely_unaltered,none_found,TRUE,2666153,11467600
Peak_10,1,likely_unaltered,none_found,TRUE,2666153,11467600
Peak_2,1,likely_unaltered,none_found,TRUE,2666153,11467600
Peak_5,1,likely_unaltered,none_found,TRUE,2666153,11467600
Peak_Fre_10,1,likely_unaltered,none_found,TRUE,2666153,11467600
Peak_Fre_2,1,likely_unaltered,none_found,TRUE,2666153,11467600
Peak_Fre_5,1,likely_unaltered,none_found,TRUE,2666153,11467600
DS_Dur_WS,1,likely_unaltered,none_found,TRUE,22226820,11532500
DS_Tim,0,indeterminate,unknown,TRUE,22226820,11532500
DS_Mag_50,0,indeterminate,unknown,TRUE,22226820,11532500
DS_Mag_90,1,likely_unaltered,none_found,TRUE,22226820,11532500
FA_Dur,1,likely_unaltered,none_found,TRUE,22226820,11532500
FA_Mag,1,likely_unaltered,none_found,TRUE,22226820,11532500
FA_Tim,1,likely_unaltered,none_found,TRUE,22226820,11532500
SP_ROC,1,likely_unaltered,none_found,FALSE,22226820,11532500
SP_Dur,1,likely_unaltered,none_found,TRUE,22226820,11532500
SP_Mag,1,likely_unaltered,none_found,TRUE,22226820,11532500
SP_Tim,0,indeterminate,unknown,TRUE,22226820,11532500
Wet_BFL_Dur,0,indeterminate,unknown,TRUE,22226820,11532500
Wet_BFL_Mag_10,0,indeterminate,unknown,TRUE,22226820,11532500
Wet_BFL_Mag_50,0,indeterminate,unknown,TRUE,22226820,11532500
Wet_Tim,0,indeterminate,unknown,TRUE,22226820,11532500
Peak_Dur_10,1,likely_unaltered,none_found,TRUE,22226820,11532500
Peak_Dur_2,1,likely_unaltered,none_found,TRUE,22226820,11532500
Peak_Dur_5,1,likely_unaltered,none_found,TRUE,22226820,11532500
Peak_10,1,likely_unaltered,none_found,TRUE,22226820,11532500
Peak_2,1,likely_unaltered,none_found,TRUE,22226820,11532500
Peak_5,1,likely_unaltered,none_found,TRUE,22226820,11532500
Peak_Fre_10,1,likely_unaltered,none_found,TRUE,22226820,11532500
Peak_Fre_2,1,likely_unaltered,none_found,TRUE,22226820,11532500
Peak_Fre_5,1,likely_unaltered,none_found,TRUE,22226820,11532500
